School_Name,latX,longY,Language,Town
Ysgol Glan Aber,53.27822999,-3.18924001,English medium,BAGILLT
Ysgol Merllyn,53.26507999,-3.16798,English medium,BAGILLT
Westwood Cp,53.16740637,-3.08140381,English medium,BUCKLEY
Ewloe Green,53.19052995,-3.06079004,English medium,EWLOE GREEN
Bryn Garth Cp,53.32491999,-3.30468001,English medium,PEN-Y-FFORDD
Ysgol Gwynedd Cp,53.24515999,-3.13371998,English medium,FLINT
Ysgol Maesglas,53.29034,-3.2129,English medium,GREENFIELD
Ysgol Gymraeg Mornant,53.32896999,-3.32545001,Welsh medium,PEN-Y-FFORDD
Ysgol Estyn Community School,53.11448999,-3.03330001,English medium,HOPE
Ysgol Glanrafon,53.16275999,-3.14515001,Welsh medium,MOLD
Northop Hall,53.20288999,-3.09297,English medium,NORTHOP HALL
Wood Memorial Primary School,53.17836999,-2.92207001,English medium,SALTNEY
Sealand Cp School,53.21322999,-3.01196002,English medium,GARDEN CITY
Sychdyn Cp,53.19009999,-3.13244,English medium,SOUGHTON
Trelogan Primary,53.30685999,-3.32509,English medium,TRELOGAN
Bryn Pennant Cp,53.30787,-3.26127001,English medium,MAES PENNANT
Ysgol Bro Carmel,53.28111999,-3.25636002,English medium,CARMEL
Rhos Helyg School,53.21738999,-3.18231002,English medium,RHOSESMOR
Ysgol Terrig,53.11360998,-3.11815001,Welsh medium,TREUDDYN
Ysgol Bryn Deva,53.21758999,-3.06573001,English medium,CONNAHS QUAY
Sandycroft Cp,53.19914999,-3.01229001,English medium,MANCOT
Gwernymynydd Cp School,53.15644999,-3.17040001,English medium,GWERNYMYNYDD
Queensferry Community Primary School,53.20637999,-3.02988001,English medium,QUEENSFERRY
Ysgol Bryn Coch,53.16575998,-3.13968001,English medium,MOLD
Mountain Lane Primary School,53.17014999,-3.07343001,English medium,BUCKLEY
"Ysgol Y Foel, Cilcain",53.17932999,-3.23351001,English medium,CILCAIN
Brynford Cp,53.25769999,-3.23429001,English medium,BRYNFORD
Ysgol Bryn Gwalia,53.16678999,-3.15090001,English medium,MOLD
Golftyn Cp School,53.22084999,-3.07044001,English medium,CONNAHS QUAY
Saltney Ferry Cp,53.17719999,-2.94597001,English medium,SALTNEY FERRY
Y Waun,53.17322999,-3.19197001,English medium,GWERNAFFIELD
Ysgol Gwenffrwd,53.27597999,-3.22743001,Welsh medium,HOLYWELL
Abermorddu Cp School,53.10158998,-3.03330002,English medium,ABERMORDDU
Southdown Cp,53.17028999,-3.08860001,English medium,BUCKLEY
Wepre Community School,53.20431,-3.07118999,English medium,CONNAHS QUAY
Drury Primary School,53.17040999,-3.05325002,English medium,DRURY
Cornist Park Cp,53.24539998,-3.15159003,English medium,FLINT
Ysgol Derwenfa Cp,53.13022999,-3.08815002,English medium,LEESWOOD
Penarlag Cp,53.19219998,-3.04341002,English medium,EWLOE
Owen Jones Cp,53.20855999,-3.13689001,English medium,NORTHOP
Gronant Primary School,53.33815999,-3.35596002,English medium,GRONANT
Ysgol Gymraeg Croes Atti,53.24566998,-3.12616,Welsh medium,OAKENHOLT
Ysgol Parc Y Llan,53.11370998,-3.11783001,English medium,TREUDDYN
Ysgol Mynydd Isa,53.17325998,-3.1103,English medium,MYNYDD ISA
Broughton Primary School,53.16668999,-2.98555001,English medium,BROUGHTON
Ysgol Cae'R Nant,53.21363,-3.05422001,English medium,CONNAHS QUAY
Ysgol Penyffordd,53.15044999,-3.04211,English medium,PENYFFORDD
Ysgol Ty Ffynnon,53.20861999,-3.04634001,English medium,SHOTTON
Ysgol Maes Y Felin,53.27603217,-3.21457669,English medium,HOLYWELL
Nannerch Vcp School,53.21646998,-3.24917,English medium,NANNERCH
Ysgol Yr Esgob C In W,53.24501998,-3.31029001,English medium,CAERWYS
St Mary'S,53.24082998,-3.12896,English medium,FLINT
St Winefrides,53.27535999,-3.22644001,English medium,HOLYWELL
St David'S Catholic Primary School,53.16975999,-3.13513002,English medium,MOLD
St Anthony'S Catholic Primary,53.17839999,-2.92503001,English medium,SALTNEY
Venerable Edward Morgan Rc,53.20690999,-3.04290001,English medium,SHOTTON
Trelawnyd,53.30690999,-3.36907001,English medium,TRELAWNYD
Ysgol Y Llan Va Primary School Whitford,53.29445999,-3.28168002,English medium,WHITFORD
St Ethelwolds,53.20203999,-3.03923002,English medium,SHOTTON
St John The Baptist Va School,53.15767998,-3.04010001,English medium,PENYMYNYDD
Nercwys Va,53.13556999,-3.14371001,English medium,NERCWYS
Hawarden Village Va,53.18527999,-3.02246001,English medium,HAWARDEN
Derwen Foundation School,53.14562999,-3.00208002,English medium,HIGHER KINNERTON
Abermule Primary School,52.54550999,-3.23636001,English medium,MONTGOMERY
Arddleen Cp School,52.73386999,-3.10101001,English medium,LLANYMYNECH
Berriew Cp School,52.60148999,-3.20522002,English medium,WELSHPOOL
Caersws Cp School,52.52055999,-3.42457002,English medium,CAERSWS
Carno Cp School,52.55676,-3.53421,Welsh medium,CAERSWS
Carreghofa Cp School,52.77865999,-3.09773,English medium,LLANYMYNECH
Leighton Cp School,52.64853999,-3.12157002,English medium,WELSHPOOL
Ysgol Llanbrynmair,52.61046999,-3.62864001,Welsh medium,LLANBRYNMAIR
Llandinam Cp School,52.48590999,-3.43485002,English medium,LLANDINAM
Meifod Cp School,52.71149999,-3.25492001,English medium,MEIFOD
Penygloddfa Cp School,52.51934998,-3.31683001,English medium,NEWTOWN
Pontrobert Cp School,52.70308999,-3.32365001,Welsh medium,MEIFOD
Ysgol Dyffryn Trannon,52.50588998,-3.5156,Dual stream,CAERSWS
Guilsfield Cp School,52.69483999,-3.15658001,English medium,WELSHPOOL
Llanidloes Cp School,52.44348999,-3.54458001,English medium,LLANIDLOES
Buttington Trewern Cp School,52.68799999,-3.07554001,English medium,WELSHPOOL
Brynhafren Cp School,52.73118999,-3.00593001,English medium,SHREWSBURY
Churchstoke Cp School,52.53825999,-3.07428,English medium,MONTGOMERY
Ysgol Gynradd Glantwymyn,52.62486999,-3.73941001,Welsh medium,MACHYNLLETH
Ysgol Pennant,52.81146999,-3.35377002,Welsh medium,OSWESTRY
Maesyrhandir Cp School,52.50435998,-3.32753002,English medium,NEWTOWN
Treowen Cp School,52.51139998,-3.30931001,English medium,NEWTOWN
Franksbridge Cp School,52.19714999,-3.29038001,English medium,LLANDRINDOD WELLS
Llanbister Cp School,52.35132999,-3.31055999,English medium,LLANDRINDOD WELLS
Ysgol Cefnllys,52.23944998,-3.37246,English medium,LLANDRINDOD WELLS
Llanfihangel Rhydithon Cp,52.29730998,-3.23477001,English medium,LLANDRINDOD WELLS
Presteigne Cp School,52.27172999,-3.01144001,English medium,PRESTEIGNE
Radnor Valley Cp School,52.23943999,-3.15108001,English medium,PRESTEIGNE
Crossgates Cp School,52.27562999,-3.33551,English medium,LLANDRINDOD WELLS
Mount Street Cp Junior,51.94968606,-3.39002893,English medium,BRECON
Mount Street Cp Infants,51.95033578,-3.38785913,English medium,BRECON
Ysgol Dolafon,52.10746998,-3.64191002,English with significant Welsh,LLANWRTYD WELLS
Builth Wells Cp School,52.14712998,-3.40888001,Dual stream,BUILTH WELLS
Sennybridge Cp School,51.94463998,-3.56995001,Dual stream,BRECON
Crickhowell Cp School,51.86423999,-3.13999001,English medium,CRICKHOWELL
Cradoc Cp School,51.96515998,-3.43426003,English medium,BRECON
Hay-On-Wye Cp School,52.07211712,-3.12680854,English medium,HEREFORD
Llangynidr Cp School,51.86651998,-3.22971001,English medium,CRICKHOWELL
Irfon Valley Cp School,52.13404999,-3.53331,English medium,LLANGAMMARCH WELLS
Llanfaes Cp School,51.94381999,-3.39897002,English medium,BRECON
Ysgol Y Bannau,51.95250542,-3.37928545,Welsh medium,BRECON
Ysgol Rhiw Bechan,52.57835999,-3.33355001,Dual stream,NEWTOWN
Llanrhaeadr Ym Mochnant Cp School,52.82236998,-3.29371,Dual stream,OSWESTRY
Ysgol Bro Cynllaith,52.84396998,-3.17439002,English medium,OSWESTRY
Ysgol Dafydd Llwyd,52.50848998,-3.31884002,Welsh medium,NEWTOWN
Ysgol Y Cribarth,51.80091999,-3.71790001,English medium,SWANSEA
Ysgol Golwg Y Cwm,51.78270999,-3.74523002,English medium,YSTRADGYNLAIS
Ysgol Bro Tawe,51.76602946,-3.77106828,English medium,YSTRADGYNLAIS
Ysgol Gymraeg Dyffryn Y Glowyr,51.77431999,-3.78030001,Welsh medium,SWANSEA
Ysgol Y Mynydd Du,51.99679998,-3.23036,English medium,TALGARTH
Ysgol Gymraeg Y Trallwng,52.66376653,-3.15126992,Welsh medium,WELSHPOOL
Llanfechain Ciw School,52.77436999,-3.20406001,English medium,LLANFECHAIN
Montgomery Ciw School,52.56244999,-3.14567001,English medium,MONTGOMERY
Forden Ciw School,52.60186999,-3.13978002,English medium,WELSHPOOL
Llandysilio Ciw School,52.76245998,-3.08403002,English medium,LLANYMYNECH
Castle Caereinion Ciw,52.64066999,-3.23941001,English medium,WELSHPOOL
Gladestry Ciw School,52.18946998,-3.12363001,English medium,KINGTON
Ysgol Trefonnen Church In Wales Community Primary,52.24751998,-3.37419001,Dual stream,LLANDRINDOD WELLS
Newbridge-On-Wye Church In Wales School,52.21208999,-3.43963001,English medium,LLANDRINDOD WELLS
Clyro Ciw School,52.08336999,-3.15195002,English medium,HEREFORD
Knighton Ciw School,52.34117999,-3.04260001,English medium,KNIGHTON
Rhayader Ciw School,52.30753999,-3.51336001,Dual stream,RHAYADER
Llanelwedd Church In Wales Primary School,52.15606998,-3.39639003,English medium,BUILTH WELLS
Llangedwyn Primary School,52.80941999,-3.21180001,English medium,OSWESTRY
Llangors  Ciw School,51.94073354,-3.26322241,English medium,BRECON
Welshpool Church In Wales Primary School,52.65560319,-3.14277805,English medium,WELSHPOOL
St Michael'S Ciw School,52.50137999,-3.25594002,English medium,NEWTOWN
Llansantffraid Ciwa,52.77520999,-3.15442001,English medium,LLANSANTFFRAID-YM-MECHAIN
Llanbedr Ciw (Aided),51.87546998,-3.10562001,English medium,CRICKHOWELL
Archdeacon Griffiths Ciw Primary School,52.03761999,-3.27146001,English medium,BRECON
Priory Church In Wales School,51.9523086,-3.39143211,English medium,BRECON
St Mary`S Rc (A) School,52.51564998,-3.32342002,English medium,NEWTOWN
Llangattock Ciw School,51.85001,-3.14811002,English medium,CRICKHOWELL
Gelliswick Vc School,51.71198709,-5.05533039,English medium,MILFORD HAVEN
Ysgol Gynradd Amlwch,53.41189999,-4.34743001,Welsh medium,AMLWCH
Ysgol Gynradd Beaumaris,53.26473999,-4.10249002,Welsh medium,BEAUMARIS
Ysgol Gynradd Bodedern,53.29337999,-4.49899002,Welsh medium,HOLYHEAD
Ysgol Gymuned Bodffordd,53.26461999,-4.36126,Welsh medium,LLANGEFNI
Ysgol Gymuned Bryngwran,53.26882999,-4.47728,Welsh medium,HOLYHEAD
Ysgol Gynradd Brynsiencyn,53.17704998,-4.27254002,Welsh medium,LLANFAIR PWLLGWYNGYLL
Ysgol Cemaes,53.40804999,-4.45625001,Welsh medium,CEMAES
Ysgol Esceifiog,53.22133999,-4.27888001,Welsh medium,GAERWEN
Ysgol Gynradd Garreglefn,53.37282998,-4.43167001,Welsh medium,AMLWCH
Ysgol Gymuned Y Ffridd,53.25375999,-4.41411001,Welsh medium,HOLYHEAD
Ysgol Gymuned Moelfre,53.35355999,-4.24107001,Welsh medium,MOELFRE
Ysgol Gynradd Llanbedrgoch,53.30142999,-4.23201,Welsh medium,LLANBEDRGOCH
Ysgol Gynradd Llanfairpwll,53.22139999,-4.20412001,Welsh medium,LLANFAIR PWLLGWYNGYLL
Ysgol Gymuned Llanfechell,53.39042999,-4.45932001,Welsh medium,AMLWCH
Ysgol Y Graig,53.26081999,-4.2971,Welsh medium,LLANGEFNI
Ysgol Gynradd Llangoed,53.29182999,-4.09047002,Welsh medium,BEAUMARIS
Ysgol Henblas,53.23585999,-4.35412001,Welsh medium,BODORGAN
Ysgol Gymuned Llannerch-Y-Medd,53.33138999,-4.37575001,Welsh medium,LLANERCHYMEDD
Ysgol Pencarnisiog,53.23492999,-4.46967002,Welsh medium,TY CROES
Ysgol Gymuned Pentraeth,53.28144,-4.21879002,Welsh medium,PENTRAETH
Ysgol Penysarn,53.39047998,-4.31425,Welsh medium,PENYSARN
Ysgol Santes Gwenfaen,53.26631998,-4.59807001,Welsh medium,HOLYHEAD
Ysgol Gynradd Rhosneigr,53.23132998,-4.5171,Welsh medium,RHOSNEIGR
Ysgol Gynradd Rhosybol,53.37354998,-4.36485001,Welsh medium,AMLWCH
Ysgol Gynradd Talwrn,53.27425998,-4.27224001,Welsh medium,LLANGEFNI
Ysgol Gymuned Y Fali,53.28120999,-4.56862001,Welsh medium,HOLYHEAD
Ysgol Llanfawr,53.30776,-4.62384,Welsh medium,HOLYHEAD
Ysgol Goronwy Owen,53.32177998,-4.22845001,Welsh medium,TYN Y GONGL
Ysgol Gynradd Y Tywyn,53.26315999,-4.52318003,Welsh medium,HOLYHEAD
Ysgol Gynradd Llandegfan,53.24383998,-4.14660001,Welsh medium,MENAI BRIDGE
Ysgol Gynradd Y Borth,53.22966999,-4.16911001,Welsh medium,MENAI BRIDGE
Ysgol Gynradd Kingsland,53.30028999,-4.62596001,Welsh medium,HOLYHEAD
Ysgol Gymraeg Morswyn,53.30095999,-4.62327001,Welsh medium,HOLYHEAD
Ysgol Gynradd Corn Hir,53.26163998,-4.32316,Welsh medium,LLANGEFNI
Ysgol Santes Fair,53.30818999,-4.63442999,English medium,HOLYHEAD
Ysgol Caergeiliog,53.27447998,-4.53102001,Dual stream,HOLYHEAD
Ysgol Gwaun Gyfni,53.14748998,-4.12845002,Welsh medium,DEINIOLEN
Ysgol Gynradd Nefyn,52.93524998,-4.52432002,Welsh medium,NEFYN
Ysgol Llanrug,53.14744999,-4.19139001,Welsh medium,LLANRUG
Ysgol Gynradd Abererch,52.90355999,-4.38443,Welsh medium,ABERERCH
Ysgol Beddgelert,53.01238998,-4.10564002,Welsh medium,BEDDGELERT
Ysgol Bethel,53.16491998,-4.20523002,Welsh medium,CAERNARFON
Ysgol Bodfeurig,53.17818998,-4.09004,Welsh medium,SLING
Ysgol Gynradd Borth-Y-Gest,52.91432999,-4.13939002,Welsh medium,BORTH Y GEST
Ysgol Brynaerau,53.04137999,-4.32584001,Welsh medium,PONTLLYFNI
Ysgol Y Gelli,53.14877999,-4.25745002,Welsh medium,CAERNARFON
Ysgol Penybryn,53.18071999,-4.05758002,Welsh medium,BETHESDA
Ysgol Treferthyr,52.91713999,-4.23402,Welsh medium,CRICCIETH
Ysgol Gynradd Chwilog,52.92027999,-4.33415001,Welsh medium,CHWILOG
Ysgol Crud-Y-Werin,52.80757998,-4.71056002,Welsh medium,ABERDARON
Ysgol Dolbadarn,53.11783999,-4.12833002,Welsh medium,LLANBERIS
Ysgol Gynradd Edern,52.92349998,-4.56485001,Welsh medium,EDERN
Ysgol Felinwnda,53.09994999,-4.29394002,Welsh medium,CAERNARFON
Ysgol Bro Plenydd,52.92603999,-4.38533001,Welsh medium,Y FFÃ”R
Ysgol Gynradd Garndolbenmaen,52.97250999,-4.24246001,Welsh medium,GARNDOLBENMAEN
Ysgol Gynradd Llanbedrog,52.85944,-4.48859002,Welsh medium,LLANBEDROG
Ysgol Gynradd Llangybi,52.94155999,-4.3529,Welsh medium,LLANGYBI
Ysgol Llanllechid,53.18867999,-4.06563002,Welsh medium,RACHUB
Ysgol Gynradd Llanllyfni,53.04111999,-4.28294001,Welsh medium,LLANLLYFNI
Ysgol Babanod Morfa Nefyn,52.93107998,-4.54913,Welsh medium,MORFA NEFYN
Ysgol Baladeulyn,53.05800999,-4.21507001,Welsh medium,NANTLLE
Ysgol Gynradd Nebo,53.02992999,-4.26945001,Welsh medium,NEBO
Ysgol Gymuned Penisarwaun,53.15256999,-4.16229001,Welsh medium,PENISARWAUN
Ysgol Bro Lleu,53.05369998,-4.27780001,Welsh medium,PENYGROES
Ysgol Gynradd  Pentreuchaf,52.92860999,-4.45182001,Welsh medium,PENTREUCHAF
Ysgol Rhiwlas,53.17361999,-4.13287001,Welsh medium,WAEN PENTIR
Ysgol Gynradd Rhosgadfan,53.09116998,-4.23094001,Welsh medium,RHOSGADFAN
Ysgol Gynradd Rhostryfan,53.09752999,-4.24606002,Welsh medium,RHOSTRYFAN
Ysgol Sarn Bach,52.81062997,-4.51941001,Welsh medium,SARN BACH
Ysgol Eifion Wyn,52.92943999,-4.13642001,Welsh medium,PORTHMADOG
Ysgol Gynradd Talysarn,53.05462999,-4.25529002,Welsh medium,TALYSARN
Ysgol Y Gorlan,52.93969999,-4.14767001,Welsh medium,TREMADOG
Ysgol Yr Eifl,52.99307998,-4.42362001,Welsh medium,TREFOR
Ysgol Gynradd Tudweiliog,52.89877,-4.62355001,Welsh medium,TUDWEILIOG
Ysgol Waunfawr,53.11176999,-4.20607001,Welsh medium,WAUNFAWR
Ysgol Glancegin,53.22599998,-4.11734001,Welsh medium,BANGOR
Ysgol Yr Hendre,53.13660999,-4.25953,Welsh medium,CAERNARFON
Ysgol Bontnewydd,53.11508998,-4.26943002,Welsh medium,CAERNARFON
Ysgol Gymraeg Y Garnedd,53.21395999,-4.15626002,Welsh medium,BANGOR
Ysgol Cymerau,52.88252998,-4.41738001,Welsh medium,PWLLHELI
Ysgol Abercaseg (Babanod),53.17784999,-4.05478003,Welsh medium,BETHESDA
Ysgol Y Felinheli,53.17692,-4.21643001,Welsh medium,Y FELINHELI
Ysgol Y Traeth,52.72494999,-4.06141001,Welsh medium,BARMOUTH
Ysgol Gynradd Dyffryn Dulas,52.65309999,-3.84084002,Welsh medium,CORRIS
Ysgol Gynradd Dyffryn Ardudwy,52.78428999,-4.09500002,Welsh medium,DYFFRYN ARDUDWY
Ysgol Bro Cynfal,52.95848999,-3.93231002,Welsh medium,LLAN FFESTINIOG
Ysgol Edmwnd Prys,52.93953999,-3.95980002,Welsh medium,GELLILYDAN
Ysgol Gynradd Llanbedr,52.82147998,-4.09615001,Welsh medium,LLANBEDR
Ysgol Y Garreg,52.95417998,-4.06323002,Welsh medium,LLANFROTHEN
Ysgol O M Edwards,52.85972998,-3.67483001,Welsh medium,LLANUWCHLLYN
Ysgol Manod,52.98456999,-3.93111001,Welsh medium,BLAENAU FFESTINIOG
Ysgol Gynradd Pennal,52.58600999,-3.92194001,Welsh medium,PENNAL
Ysgol Cefn Coch,52.93002999,-4.06812001,Welsh medium,PENRHYNDEUDRAETH
Ysgol Talsarnau,52.90168999,-4.06691,Welsh medium,TALSARNAU
Ysgol Gynradd Tanygrisiau,52.98656998,-3.95749001,Welsh medium,TANYGRISIAU
Ysgol Gynradd Penybryn,52.58517998,-4.08279002,Welsh medium,TYWYN
Ysgol Bro Hedd Wyn,52.90117999,-3.92304002,Welsh medium,TRAWSFYNYDD
Ysgol Bro Tryweryn,52.93929999,-3.63147001,Welsh medium,FRONGOCH
Ysgol Tanycastell,52.86346999,-4.10691001,Welsh medium,HARLECH
Ysgol Ffridd Y Llyn,52.93279,-3.53861001,Welsh medium,CEFN DDWYSARN
Ysgol Maenofferen,52.99442,-3.93827001,Welsh medium,BLAENAU FFESTINIOG
Ysgol Hirael,53.23145999,-4.12203001,Welsh medium,BANGOR
Ysgol Craig Y Deryn,52.62576804,-4.07270724,Welsh medium,LLANEGRYN
Ysgol Bro Llifon,53.07777999,-4.27547001,Welsh medium,Y GROESLON
Ysgol Pont Y Gof,52.84987998,-4.58732002,Welsh medium,BOTWNNOG
Ysgol Gynradd Maesincla,53.14160999,-4.25969001,Welsh medium,CAERNARFON
Ysgol Y Faenol,53.20833999,-4.16880001,Welsh medium,PENRHOSGARNEDD
Ysgol Foel Gron,52.85090999,-4.52202001,Welsh medium,MYNYTHO
Ysgol Llandygai,53.21681999,-4.09785001,Welsh medium,LLANDYGAI
Ysgol Gynradd Llandwrog,53.07899999,-4.31287,Welsh medium,LLANDWROG
Ysgol Gynradd Llanystumdwy,52.92274999,-4.27253001,Welsh medium,LLANYSTUMDWY
Ysgol Tregarth,53.19036998,-4.08707002,Welsh medium,TREGARTH
Ysgol Cae Top,53.21865999,-4.15311002,Welsh medium,BANGOR
Ysgol Santes Helen,53.14292999,-4.26968001,Welsh medium,CAERNARFON
Ysgol Ein Harglwyddes,53.22167999,-4.13406002,English with significant Welsh,BANGOR
Ysgol Betws Y Coed,53.09265999,-3.81883001,Welsh medium,BETWS Y COED
Ysgol Capelulo,53.27469999,-3.90389001,English with significant Welsh,PENMAENMAWR
Ysgol Deganwy,53.29251999,-3.82119002,English with significant Welsh,DEGANWY
Ysgol Dolwyddelan,53.05200999,-3.88508002,Welsh medium,DOLWYDDELAN
Ysgol Ffordd Dyffryn,53.31654999,-3.83491001,English with significant Welsh,LLANDUDNO
Ysgol Glanwydden,53.31060999,-3.77895001,English with significant Welsh,PENRHYN BAY
Ysgol Tudno,53.31987999,-3.83085001,English with significant Welsh,LLANDUDNO
Ysgol Morfa Rhianedd,53.31656999,-3.82640001,Welsh medium,LLANDUDNO
Ysgol Penmachno,53.04073999,-3.80160001,Welsh medium,BETWS Y COED
Ysgol Llandrillo Yn Rhos,53.26291148,-3.52717464,English medium,BUCKLEY
Ysgol Talhaiarn,53.21725998,-3.61039002,English with significant Welsh,LLANFAIRTALHAIARN
Ysgol Babanod Mochdre,53.29147,-3.76444,English medium,COLWYN BAY
Ysgol  T Gwynn Jones,53.28820998,-3.70268001,English medium,COLWYN BAY
Ysgol Maes Owen,53.30461827,-3.52560568,English medium,KINMEL BAY
Ysgol Glan Gele,53.28708999,-3.57557,English medium,ABERGELE
Ysgol Glan Morfa,53.28740999,-3.57514,Welsh medium,ABERGELE
Ysgol Bod Alaw,53.28822998,-3.71915001,Welsh medium,COLWYN BAY
Ysgol Pant Y Rhedyn,53.25832,-3.97387001,English with significant Welsh,LLANFAIRFECHAN
Ysgol Y Foryd,53.30462999,-3.52438002,English medium,KINMEL BAY
Ysgol Craig Y Don,53.31800999,-3.81422001,English with significant Welsh,LLANDUDNO
Ysgol Cerrigydrudion,53.02688999,-3.56019,Welsh medium,CERRIGYDRUDION
"Ysgol Bro Aled, Llansannan",53.17822999,-3.60020002,Welsh medium,LLANSANNAN
Ysgol Gynradd Bro Cernyw,53.19061998,-3.68477002,Welsh medium,LLANGERNYW
Ysgol Sant Elfod,53.28781999,-3.5761,English medium,ABERGELE
Ysgol Capel Garmon,53.08371999,-3.76994002,Welsh medium,LLANRWST
Ysgol Glan Conwy,53.26764999,-3.79438002,English with significant Welsh,GLAN CONWY
Ysgol Cynfran,53.28170999,-3.65697999,English with significant Welsh,LLYSFAEN
Ysgol Iau Hen Golwyn,53.28948998,-3.70307,English medium,COLWYN BAY
Ysgol Cystennin,53.29081999,-3.76035,English medium,COLWYN BAY
Ysgol Pentrefoelas,53.04722999,-3.68135001,Welsh medium,PENTREFOELAS
Ysgol Bro Gwydir,53.13735999,-3.79524001,Welsh medium,LLANRWST
Ysgol Nant Y Groes,53.29326998,-3.71827001,English medium,COLWYN BAY
Ysgol Swn Y Don,53.28683998,-3.68033,English medium,COLWYN BAY
Ysgol Awel Y Mynydd,53.28596001,-3.79176198,Dual stream,LLANDUDNO JUNCTION
Ysgol Babanod Llanfairfechan,53.25272999,-3.97605001,English with significant Welsh,LLANFAIRFECHAN
Ysgol Llangelynnin,53.25555999,-3.84510001,Welsh medium,CONWY
Ysgol Pencae,53.26940999,-3.91445001,Welsh medium,PENMAENMAWR
Ysgol Ysbyty Ifan,53.02329999,-3.72911002,Welsh medium,YSBYTY IFAN
Ysgol St George,53.27027998,-3.53897002,English medium,ST GEORGE
Ysgol Llanddoged,53.15732999,-3.78550002,Welsh medium,LLANRWST
Ysgol Eglwysbach,53.21555998,-3.79325,Welsh medium,EGLWYSBACH
Ysgol Porth Y Felin,53.27830999,-3.83309,English with significant Welsh,CONWY
Ysgol Llanddulas,53.28871,-3.64381001,English medium,ABERGELE
Ysgol Betws Yn Rhos,53.24816998,-3.64106001,Welsh medium,BETWS YN RHOS
Ysgol Bodafon,53.31929998,-3.79029002,English with significant Welsh,LLANDUDNO
Ysgol Bendigaid William Davies,53.31256999,-3.82084001,English medium,LLANDUDNO
Ysgol  San Sior,53.32383999,-3.84043,English with significant Welsh,LLANDUDNO
Ysgol Sant Joseph,53.29699798,-3.73443386,English medium,COLWYN BAY
Ysgol Y Plas,53.26503,-3.68315001,English medium,COLWYN BAY
Ysgol Pen Y Bryn,53.28779999,-3.7387,English medium,COLWYN BAY
Ysgol Hiraddug,53.29854999,-3.41307001,English medium,RHYL
Ysgol Y Castell Cp,53.28909998,-3.46243001,English medium,RHYL
Christ Church Primary School,53.31631001,-3.48657,English medium,RHYL
Ysgol Llywelyn,53.31465,-3.46930001,English medium,RHYL
Ysgol Y Faenol,53.26955999,-3.50969001,English medium,RHYL
Ysgol Penmorfa Cp,53.33005998,-3.40880002,English medium,PRESTATYN
Ysgol Emmanuel,53.31612001,-3.48274001,English medium,RHYL
Ysgol Dewi Sant,53.30871998,-3.47132003,Welsh medium,RHYL
Ysgol Melyd,53.31637998,-3.41519003,English medium,PRESTATYN
Ysgol Bodfari,53.21938999,-3.36233001,English medium,DENBIGH
Ysgol Bryn Hedydd,53.32581999,-3.46731002,English medium,RHYL
Ysgol Cefn Meiriadog,53.24867999,-3.4998,English medium,ABERGELE
Frongoch Juniors,53.18935999,-3.40878002,English medium,DENBIGH
Ysgol Henllan,53.20077998,-3.45848002,Welsh medium,DENBIGH
Ysgol Twm O'R Nant,53.18843999,-3.40884002,Welsh medium,DENBIGH
Ysgol Bryn Clwyd,53.17706998,-3.33708998,English with significant Welsh,DENBIGH
Ysgol Y Parc,53.18662999,-3.40666002,English medium,DENBIGH
Ysgol Gellifor,53.15245999,-3.31456,English medium,RUTHIN
Ysgol Betws Gwerful Goch,53.00973999,-3.44547001,Welsh medium,CORWEN
Ysgol Carrog,52.98248999,-3.32502003,English with significant Welsh,CORWEN
Ysgol Caer Drewyn,52.98994998,-3.37988002,English with significant Welsh,CORWEN
Ysgol Bro Elwern,53.00832999,-3.38034003,Welsh medium,CORWEN
Ysgol Y Llys,53.32536998,-3.41233002,Welsh medium,PRESTATYN
Ysgol Bryn Collen,52.96269998,-3.16158001,English medium,LLANGOLLEN
Ysgol Bro Cinmeirch,53.15743999,-3.37169,Welsh medium,DENBIGH
Ysgol Bro Famau,53.10226999,-3.19923001,English medium,MOLD
Ysgol Gymraeg Y Gwernant,52.96275998,-3.16154001,Welsh medium,LLANGOLLEN
Ysgol Clawdd Offa,53.32802998,-3.42727002,English medium,PRESTATYN
Bodnant Community Primary School,53.33622998,-3.39826001,English medium,PRESTATYN
Ysgol Pendref,53.18430999,-3.43188002,English medium,DENBIGH
Ysgol_Bro_Dyfrdwy,52.96039998,-3.40653002,Welsh medium,CORWEN
Ysgol Carreg Emlyn,53.07757482,-3.36937564,Welsh medium,RUTHIN
Ysgol Tremeirchion,53.24687999,-3.37652001,Welsh medium,ST ASAPH
St Asaph Infants School,53.25712999,-3.44053001,English medium,ST ASAPH
Ysgol Llanbedr,53.13182999,-3.28835,English medium,RUTHIN
Ysgol Borthyn,53.11357999,-3.31817001,English medium,RUTHIN
Ysgol Pant Pastynog,53.14472998,-3.42702,Welsh medium,DENBIGH
Ysgol Dyffryn Ial,53.06228999,-3.20091001,English with significant Welsh,WREXHAM
Ysgol Esgob Morgan,53.25891999,-3.45329001,English medium,ST ASAPH
Ysgol Trefnant,53.22386999,-3.42331001,English medium,DENBIGH
The Rofft Cp School,53.08954999,-2.95971001,English medium,WREXHAM
Froncysyllte,52.96315999,-3.08795002,English medium,LLANGOLLEN
Garth Cp,52.97699999,-3.10531001,English medium,TREVOR
Ysgol Cynddelw,52.93372999,-3.18116002,Dual stream,LLANGOLLEN
Llanarmon Dc School,52.88534998,-3.25554001,Welsh medium,LLANGOLLEN
Ysgol Acrefair,52.98020162,-3.0790893,English medium,WREXHAM
Cefn Mawr C P School,52.97093,-3.07322001,English medium,WREXHAM
Ysgol Maes-Y-Llan,52.98823999,-3.03645001,English medium,WREXHAM
Ysgol Min Y Ddol,52.97035,-3.07348001,Welsh medium,WREXHAM
Alexandra C P School,53.05028998,-2.98733001,English medium,WREXHAM
Brynteg C P School,53.06483998,-3.03726001,English medium,WREXHAM
Bwlchgwyn School,53.07199998,-3.09568,English medium,WREXHAM
Ysgol Tan-Y-Fron,53.06194999,-3.04946001,English medium,WREXHAM
Black Lane C P School,53.07342999,-3.04375002,English medium,WREXHAM
Rhosddu County Primary,53.05549999,-2.99740001,English medium,WREXHAM
Rhostyllen Cp School,53.03098999,-3.02527001,English medium,WREXHAM
Ysgol Deiniol C P,53.02356999,-2.95691001,English medium,WREXHAM
Barker'S Lane Cp,53.06770999,-2.97788,English medium,WREXHAM
Wat'S Dyke County Primary,53.06287999,-2.99672001,English medium,WREXHAM
Ysgol Bryn Tabor,53.05198999,-3.0677,Welsh medium,WREXHAM
Ysgol Sant Dunawd,53.00329999,-2.90582002,English medium,WREXHAM
Holt Cp School,53.07855999,-2.88367002,English medium,WREXHAM
Ysgol Bodhyfryd,53.03520998,-2.98556,Welsh medium,WREXHAM
Ysgol Penllwyn,52.40538999,-3.98317002,Welsh medium,CAPEL BANGOR
Ysgol Id Hooson,53.00755,-3.06311002,Welsh medium,WREXHAM
Ysgol Plas Coch,53.05829999,-3.00506002,Welsh medium,WREXHAM
Penygelli C P School,53.05299999,-3.06381,English medium,WREXHAM
Ysgol Penrhyn New Broughton Cp,53.05793999,-3.03197001,English medium,WREXHAM
Ysgol Heulfan,53.07305999,-3.02300001,English medium,WREXHAM
Hafod Y Wern Community Primary School,53.04707465,-2.97218491,English medium,WREXHAM
Gwenfro Community Primary,53.03941528,-2.97112864,English medium,WREXHAM
Park Community Primary School Llay,53.09702998,-2.99962001,English medium,WREXHAM
Rhosymedre Community Primary,52.97968692,-3.06273574,English medium,WREXHAM
Ysgol Maes Y Mynydd,53.01538999,-3.06001001,English medium,WREXHAM
Gwersyllt Community Primary School,53.07163998,-3.01416001,English medium,WREXHAM
Penycae Community Primary School,52.99907534,-3.06553325,English medium,WREXHAM
Acton Primary,53.06192999,-2.98525002,English medium,WREXHAM
Victoria Community Primary,53.04198999,-3.00125,English medium,WREXHAM
Ysgol Y Waun,52.93812946,-3.05410236,English medium,WREXHAM
Ysgol Bro Alun,53.07888999,-3.01753001,Welsh medium,WREXHAM
"Ysgol Yr Hafod, Johnstown",53.00816761,-3.04033752,English medium,WREXHAM
Borras Park Community Primary,53.06104101,-2.96890502,English medium,WREXHAM
St Peter'S School,53.11090998,-2.94012001,English medium,WREXHAM
Pentre Ciw Voluntary Controlled,52.95961999,-3.06079001,English medium,CHIRK
Eyton Primary School,52.99872999,-2.98858001,English medium,WREXHAM
Borderbrook School,52.99132,-2.82525001,English medium,MALPAS
St Giles Controlled Primary School,53.04233999,-2.99332,English medium,WREXHAM
Bronington Church In Wales Va,52.95059999,-2.76530002,English medium,WHITCHURCH
Madras Va School,52.95431999,-2.87630002,English medium,WREXHAM
St Chad'S Church In Wales Aided School,52.95252999,-2.81387,English medium,WHITCHURCH
St Mary'S Rc Primary,53.04423999,-2.99728,English medium,WREXHAM
Minera,53.05862999,-3.08651001,English medium,WREXHAM
All Saints Voluntary Aided Sch,53.08665999,-2.97748001,English medium,WREXHAM
St Mary'S Church In Wales,52.98681999,-3.03745001,English medium,WREXHAM
Brymbo Aided (St Mary'S),53.07931999,-3.05433002,English medium,WREXHAM
St Anne'S Catholic Primary,53.04396999,-2.97084001,English medium,WREXHAM
St Mary'S Overton,52.97159999,-2.93224001,English medium,WREXHAM
St Paul'S Voluntary Aided,53.04379999,-2.89655001,English medium,BOWLING BANK
Ysgol Gymunedol Gynradd Aberaeron,52.24108999,-4.26436001,Welsh medium,ABERAERON
Ysgol Gymunedol Ciliau Parc,52.20917998,-4.19540002,Welsh medium,CILIAU AERON
Ysgol Gymunedol Dihewyd,52.17930999,-4.21358001,Welsh medium,DIHEWYD
Ysgol Gymunedol Felinfach,52.17943998,-4.15060001,Welsh medium,FELINFACH
Ysgol Gymunedol Llanarth,52.19224999,-4.31053,Welsh medium,LLANARTH
Ysgol Gymunedol Llannon,52.28110999,-4.17542001,Welsh medium,LLANON
Ysgol Gymunedol Cei Newydd,52.21104,-4.35869,English with significant Welsh,NEW QUAY
Ysgol Gymunedol Talgarreg,52.13489999,-4.3007,Welsh medium,TALGARREG
Yr Ysgol Gymunedol Gymraeg,52.41024999,-4.07095001,Welsh medium,ABERYSTWYTH
Ysgol Gymunedol Comins Coch,52.42110998,-4.03931002,English with significant Welsh,COMINS COCH
Ysgol Gymunedol Llanfarian,52.37727999,-4.07682,Welsh medium,LLANFARIAN
Ysgol Gymunedol Llanfihangel-Y-Creuddyn,52.36564999,-3.96218001,Welsh medium,LLANFIHANGEL-Y-CREUDDYN
Ysgol Gymunedol Llangwyryfon,52.31535999,-4.05605001,Welsh medium,LLANGWYRYFON
Ysgol Llanilar,52.35789998,-4.02203001,Welsh medium,LLANILAR
Ysgol Gymunedol Mynach,52.37097999,-3.85721001,Welsh medium,DEVILS BRIDGE
Ysgol Gymunedol Llwynyreos,52.40022998,-4.06849002,English with significant Welsh,ABERYSTWYTH
Ysgol Gymunedol Syr John Rhys,52.41216999,-3.84000001,Welsh medium,PONTERWYD
Ysgol Gymunedol Rhydypennau,52.45135999,-4.01957001,Welsh medium,BOW STREET
Ysgol Gymunedol Talybont,52.48771999,-3.98097001,Welsh medium,TALYBONT
Ysgol Gymunedol Aberporth,52.13241999,-4.54868001,Welsh medium,ABERPORTH
Ysgol Gymunedol Llechryd,52.06636999,-4.60668001,Welsh medium,LLECHRYD
Ysgol Gymunedol Penparc,52.10591999,-4.59419001,Welsh medium,TREMAIN
Ysgol Gymunedol Pontrhydfendigaid,52.28850998,-3.86040001,Welsh medium,PONTRHYDFENDIGAID
Ysgol Gymunedol Plascrug,52.41018998,-4.07497001,English with significant Welsh,ABERYSTWYTH
Ysgol Craig Yr Wylfa,52.47715998,-4.05328004,Welsh medium,BORTH
Ysgol Penrhyncoch,52.43868,-3.99629,Welsh medium,PENRHYNCOCH
Ysgol Gymunedol Y Dderi,52.15745998,-4.03884001,Welsh medium,LLANGYBI
Ysgol Gymunedol Cenarth,52.04832999,-4.52933001,Welsh medium,CENARTH
Ysgol Gynradd Aberteifi,52.08448411,-4.65637241,Welsh medium,CARDIGAN
Ysgol Bro Sion Cwilt,52.16733999,-4.34099001,Welsh medium,PENTRE'R BRYN
Ysgol Gynradd T Llew Jones,52.13239998,-4.44231,Welsh medium,BRYNHOFFNANT
Ysgol Rhos Helyg,52.25238548,-4.00687877,Welsh medium,LLANGEITHO
Ysgol Wirfoddol Myfenydd,52.30777999,-4.14004001,Welsh medium,LLANRHYSTUD
St Padarn'S Catholic Primary School,52.41341999,-4.07449001,English with significant Welsh,ABERYSTWYTH
Sageston Community Primary School,51.69499999,-4.81687,English medium,TENBY
Ysgol Gynradd Gymunedol Eglwyswrw,52.01314999,-4.70931001,Welsh medium,CRYMYCH
Ysgol Gymunedol Wdig / Goodwick Community School,52.00398999,-5.00191002,Welsh medium,GOODWICK
Fenton Community Primary School,51.79903999,-4.97723001,English medium,HAVERFORDWEST
Johnston Community Primary School,51.75612891,-4.98629867,English medium,JOHNSTON
Lamphey Cp School,51.66599998,-4.86995999,English medium,PEMBROKE
Ysgol Gymunedol Brynconin,51.85812999,-4.72819001,Welsh medium,LLANDISSILIO
Hook Cp School,51.76187999,-4.93059002,English medium,HAVERFORDWEST
Ysgol Llanychllwydog,51.96906999,-4.86685001,Welsh medium,FISHGUARD
Ysgol Gymunedol Maenclochog,51.91342998,-4.78902001,Welsh medium,MAENCLOCHOG
Narberth Community Primary School,51.80168561,-4.73339546,Dual stream,NARBERTH
Ysgol Bro Ingli,52.01858998,-4.83148002,Welsh medium,NEWPORT
Puncheston Community Primary School,51.93031999,-4.90176001,Welsh medium,HAVERFORDWEST
Ysgol Llandudoch,52.08291998,-4.68133003,Welsh medium,ST DOGMAELS
Wolfscastle Communty Primary School,51.90076999,-4.97126001,Welsh medium,HAVERFORDWEST
Saundersfoot Community Primary School,51.71357999,-4.70045001,English medium,SAUNDERSFOOT
Stepaside Community Primary School,51.73254999,-4.71145002,English medium,KILGETTY
Templeton Community Primary School,51.77605012,-4.73449604,English medium,NARBERTH
Tavernspite Community Primary School,51.78192998,-4.63926001,English medium,WHITLAND
Ysgol Gymunedol Croesgoch,51.92931999,-5.16197,Transitional,HAVERFORDWEST
Broad Haven Cp School,51.77872998,-5.10007001,English medium,BROAD HAVEN
Roch Community School,51.85114999,-5.09108001,English medium,ROCH
Coastlands Cp School,51.7216106,-5.13414569,English medium,HAVERFORDWEST
Ysgol Clydau,51.96648998,-4.57182001,Welsh medium,LLANFYRNACH
Pembroke Dock Community School,51.69065998,-4.93527001,English medium,PEMBROKE DOCK
Monkton Priory Community Primary  School,51.67583998,-4.92738002,English medium,PEMBROKE
Golden Grove Cp School,51.67231998,-4.91040002,Dual stream,PEMBROKE
Ysgol Glannau Gwaun,51.99440998,-4.98203,Dual stream,FISHGUARD
Prendergast Community Primary School,51.80848999,-4.95991001,English medium,HAVERFORDWEST
Pennar Community School,51.68710762,-4.95358564,English medium,PEMBROKE DOCK
Neyland Community School,51.71116999,-4.95010001,English medium,NEYLAND
Ysgol Hafan Y Mor,51.67543566,-4.71678446,Welsh medium,TENBY
Cilgerran Church In Wales Vc School,52.05581999,-4.63726001,Welsh medium,CILGERRAN
Cosheston Vc School,51.69609998,-4.89536001,English medium,PEMBROKE DOCK
Cleddau Reach Vc School,51.7513676,-4.91636808,English medium,LLANGWM
Manorbier Church In Wales Vc School,51.65631999,-4.79439002,English medium,TENBY
Spittal Church In Wales Vc School,51.86917999,-4.94502001,English medium,SPITTAL
St Florence Church In Wales Vc School,51.67692,-4.77763001,English medium,TENBY
Ysgol Ger Y Llan,51.92499999,-4.99930001,Welsh medium,HAVERFORDWEST
Tenby Church In Wales Vc Primary School,51.67552412,-4.7158845,English medium,TENBY
Penrhyn Church In Wales Vc School,51.66387437,-4.95485191,English with significant Welsh,PEMBROKE
Holy Name Rc School,51.99660998,-4.98355,English medium,FISHGUARD
Mary Immaculate Catholic School,51.79498999,-4.97746002,English medium,HAVERFORDWEST
St Francis Catholic School,51.71829568,-5.03120713,English medium,MILFORD HAVEN
St Aidans Church In Wales Va School,51.82684704,-4.87319546,English medium,HAVERFORDWEST
St Teilos Rc School,51.67423998,-4.70466001,English medium,TENBY
St Marks Church In Wales Va School,51.78932999,-4.96960002,English medium,HAVERFORDWEST
St Oswalds Church In Wales Va School,51.72116998,-4.77416,English medium,KILGETTY
Cefneithin,51.80438998,-4.09762001,Welsh medium,LLANELLI
Drefach,51.79917999,-4.13313001,Welsh medium,LLANELLI
Llechyfedach,51.78743999,-4.10748001,Welsh medium,LLANELLI
Y Tymbl,51.78797999,-4.12036001,Welsh medium,LLANELLI
Gorslas,51.80303999,-4.07565001,Welsh medium,LLANELLI
Cross Hands,51.79720998,-4.09098001,Welsh medium,LLANELLI
Llangain,51.81657998,-4.34832001,Welsh medium,CARMARTHEN
Peniel,51.89401999,-4.27248,Welsh medium,CARMARTHEN
Bancffosfelen,51.78774998,-4.19361002,Welsh medium,LLANELLI
Gwynfryn,51.76365999,-4.22484,Welsh medium,LLANELLI
Carway,51.73677,-4.23156002,Welsh medium,KIDWELLY
Pontiets,51.75199998,-4.21277002,Welsh medium,LLANELLI
Ponthenri,51.76041,-4.20359998,Welsh medium,LLANELLI
Bancyfelin,51.83707999,-4.43245001,Welsh medium,CARMARTHEN
Meidrim,51.85996999,-4.47889002,Welsh medium,CARMARTHEN
Saron,51.78772999,-4.03626,Welsh medium,AMMANFORD
Betws,51.78713998,-3.98475001,Transitional,AMMANFORD
Ty-Croes,51.77633999,-4.02244,English medium,AMMANFORD
Parcyrhun,51.78811999,-3.99519001,Dual stream,AMMANFORD
Blaenau,51.80499999,-4.02319002,Welsh medium,AMMANFORD
Llanedi,51.74856999,-4.05105001,English with significant Welsh,SWANSEA
Ffairfach,51.87531999,-3.99196001,Welsh medium,LLANDEILO
Talley,51.97382998,-3.98156002,Welsh medium,LLANDEILO
Cwrt Henri,51.88698999,-4.09991002,Welsh medium,CARMARTHEN
Llangadog,51.93857999,-3.87850001,Welsh medium,LLANGADOG
Rhys Prichard,51.99762213,-3.79785473,Welsh medium,LLANDOVERY
Llys Hywel,51.81944999,-4.61063002,Dual stream,WHITLAND
Brynsaron,52.00371999,-4.36257002,Welsh medium,LLANDYSUL
Llanpumsaint,51.93734999,-4.30105002,Welsh medium,CARMARTHEN
Mynyddygarreg,51.74868999,-4.27741001,Welsh medium,KIDWELLY
Johnstown,51.85106785,-4.32782253,English medium,CARMARTHEN
Y Dderwen,51.86098999,-4.31377002,Welsh medium,CARMARTHEN
Llanmiloe,51.75284998,-4.52556001,English medium,CARMARTHEN
Bryn,51.68522999,-4.11037,English medium,LLANELLI
Bynea,51.67531999,-4.10284,English medium,LLANELLI
Dafen,51.69028999,-4.13732001,English medium,LLANELLI
Pum Heol,51.72823923,-4.18977513,Welsh medium,LLANELLI
Hendy,51.71436999,-4.05028,Dual stream,SWANSEA
Ffwrnes,51.68942999,-4.17584001,Welsh medium,LLANELLI
Old Road,51.68704999,-4.16223001,English medium,LLANELLI
Llansteffan,51.77108998,-4.38925001,Welsh medium,CARMARTHEN
Llannon,51.75864999,-4.11376,Welsh medium,LLANELLI
Brynsierfel,51.68190999,-4.11787001,Welsh medium,LLANELLI
Brynaman,51.81417998,-3.86146001,Welsh medium,AMMANFORD
Myrddin,51.86170999,-4.31311002,English medium,CARMARTHEN
Llangunnor,51.85024002,-4.30141002,Dual stream,CARMARTHEN
Trimsaran,51.71787999,-4.24117001,Welsh medium,KIDWELLY
Swiss Valley,51.70586999,-4.13706002,English with significant Welsh,LLANELLI
Parc Y Tywyn,51.68393398,-4.24788626,Welsh medium,BURRY PORT
Pembrey,51.68582998,-4.27450002,English medium,LLANELLI
Rhydaman,51.79392999,-3.98628002,Welsh medium,AMMANFORD
Beca,51.89596999,-4.70959001,Welsh medium,CLUNDERWEN
Llandybie,51.82060999,-4.01042001,Transitional,AMMANFORD
Hafodwenog,51.94595999,-4.50172,Welsh medium,CARMARTHEN
Teilo Sant,51.88729109,-3.99022053,Welsh medium,LLANDEILO
Llanybydder,52.07240998,-4.14870001,Welsh medium,LLANYBYDDER
Llandeilo,51.88677548,-3.9904012,English medium,LLANDEILO
Cynwyl Elfed,51.92375999,-4.36901001,Welsh medium,CARMARTHEN
Halfway,51.68485998,-4.13763001,English medium,LLANELLI
Pwll,51.68849998,-4.20512001,English medium,LLANELLI
Penygaer,51.68845999,-4.14709001,English medium,LLANELLI
Y Castell,51.73793998,-4.29974001,English medium,KIDWELLY
Penygroes,51.80087999,-4.04958001,Welsh medium,LLANELLI
Nantgaredig,51.87167999,-4.19010001,Welsh medium,CARMARTHEN
Gwenllian,51.73554998,-4.31054001,Welsh medium,KIDWELLY
Dewi Sant,51.68875999,-4.14644001,Welsh medium,LLANELLI
Ysgol Gynradd Pontyberem,51.77906999,-4.17543001,Welsh medium,LLANELLI
Bigyn,51.67746998,-4.15541,English medium,LLANELLI
Stebonheath,51.68157998,-4.14863,English medium,LLANELLI
Y Ddwylan,52.03849999,-4.47205,Dual stream,NEWCASTLE EMLYN
Richmond Park,51.86050999,-4.30080001,English medium,CARMARTHEN
Griffith Jones,51.82364998,-4.48953001,Dual stream,CARMARTHEN
Y Fro,51.80368998,-4.24360002,Welsh medium,KIDWELLY
Carreg Hirfaen,52.09978999,-4.06217002,Welsh medium,LAMPETER
Cae'R Felin,52.00269999,-4.26375001,Welsh medium,PENCADER
Y Bedol,51.80511999,-3.90515,Welsh medium,AMMANFORD
Bro Brynach,51.87962999,-4.59427001,Welsh medium,WHITLAND
Bryn Teg,51.68023999,-4.11757001,English medium,LLANELLI
Y Felin,51.69527501,-4.14013333,Dual stream,LLANELLI
Bro Banw,51.79457118,-3.98250937,Dual stream,AMMANFORD
Maes Y Morfa,51.67073999,-4.14534,English medium,LLANELLI
Burry Port,51.68726615,-4.25188476,English medium,BURRY PORT
Pen Rhos,51.67467704,-4.16357029,Dual stream,LLANELLI
Ysgol Gymraeg Llangennech,51.70145719,-4.07830963,Welsh medium,LLANELLI
Abergwili,51.86676999,-4.26922001,Welsh medium,CARMARTHEN
Laugharne,51.76761998,-4.46786,English medium,CARMARTHEN
Llanddarog,51.82609999,-4.17072002,Welsh medium,CARMARTHEN
Ferryside,51.76871998,-4.36828,Welsh medium,FERRYSIDE
Llanllwni,52.03135999,-4.20621002,Welsh medium,PENCADER
St Mary'S (Llanelli),51.68739998,-4.13290001,English medium,LLANELLI
St Mary'S (Carmarthen),51.85726998,-4.31997002,English medium,CARMARTHEN
Penboyr,52.01899999,-4.40055001,Welsh medium,LLANDYSUL
Pentip,51.68421998,-4.16617002,English medium,LLANELLI
Model,51.85854998,-4.32279002,English with significant Welsh,CARMARTHEN
Brynmill School,51.61324998,-3.97176002,English medium,SWANSEA
Cadle Primary School,51.64892998,-3.98419003,English medium,SWANSEA
Cwmrhydyceirw Primary School,51.67887,-3.92894999,English medium,SWANSEA
Danygraig Primary School,51.62149,-3.91619,English medium,SWANSEA
Gendros Primary School,51.64056995,-3.97308003,English medium,SWANSEA
Glais Primary School,51.68846999,-3.87889001,English medium,SWANSEA
Grange Primary School,51.58318998,-4.00499001,English medium,SWANSEA
Hafod Primary School,51.63405998,-3.94147002,English medium,SWANSEA
Ysgol Gymraeg  Lon Las,51.66473823,-3.8988861,Welsh medium,SWANSEA
Morriston Primary School,51.66278999,-3.92173001,English medium,SWANSEA
Oystermouth Primary School,51.57585999,-4.00409003,English medium,SWANSEA
Pentrechwyth Primary School,51.63933998,-3.92078002,English medium,SWANSEA
Plasmarl Primary School,51.64886998,-3.93515001,English medium,SWANSEA
Sketty Primary School,51.62564998,-3.99454003,English medium,SWANSEA
St Helen'S Primary School,51.61570999,-3.95426,English medium,SWANSEA
Terrace Road Primary School,51.62344998,-3.95483002,English medium,SWANSEA
Townhill Primary School,51.62705998,-3.96255001,English medium,SWANSEA
Waunarlwydd Primary School,51.63986999,-4.02534001,English medium,SWANSEA
Waun Wen School,51.63334505,-3.94544554,English medium,SWANSEA
Clwyd Primary School,51.64484994,-3.96635999,English medium,SWANSEA
Ynystawe Primary School,51.68543999,-3.90746001,English medium,SWANSEA
Clase Primary School,51.66404999,-3.94528,English medium,SWANSEA
Portmead Primary School,51.64932992,-3.97259005,English medium,SWANSEA
Mayals Primary,51.59154998,-4.00752001,English medium,SWANSEA
Cwmglas Primary School,51.64669999,-3.90506002,English medium,SWANSEA
Blaenymaes Primary School,51.65596994,-3.97460004,English medium,SWANSEA
Trallwn Primary School,51.65827999,-3.89352002,English medium,SWANSEA
Parkland Primary School,51.61472998,-3.99872001,English medium,SWANSEA
Newton Primary School,51.57632998,-4.01502002,English medium,SWANSEA
Whitestone Primary,51.58340998,-4.01863,English medium,SWANSEA
Hendrefoilan Primary,51.62225998,-4.01499003,English medium,SWANSEA
Ygg Brynymor,51.61357998,-3.96940002,Welsh medium,SWANSEA
Bishopston Primary School,51.58326999,-4.05117002,English medium,SWANSEA
Casllwchwr Primary School,51.66381998,-4.07432001,English medium,SWANSEA
Cila Primary School,51.61310999,-4.03070001,English medium,SWANSEA
Crwys Primary School,51.62772999,-4.06458001,English medium,SWANSEA
Llangyfelach Primary School,51.67300999,-3.95569,English medium,SWANSEA
Llanrhidian Primary,51.60621999,-4.17380001,English medium,SWANSEA
Penclawdd Primary School,51.64133112,-4.11046417,English medium,SWANSEA
Pengelli Primary,51.68864998,-4.03624001,English medium,SWANSEA
Penllergaer Primary School,51.67427998,-4.00135,English medium,SWANSEA
Penyrheol Primary School,51.67608998,-4.04695002,English medium,SWANSEA
Pontarddulais Primary School,51.71248999,-4.02861002,English medium,SWANSEA
Ygg Bryniago,51.71306999,-4.03263002,Welsh medium,SWANSEA
Pontlliw Primary,51.69321999,-4.01052002,English medium,SWANSEA
Tre Uchaf Primary School,51.66560998,-4.05999001,English medium,SWANSEA
Ygg Pontybrenin,51.66230999,-4.04175001,Welsh medium,SWANSEA
Craigfelen Primary School,51.69684997,-3.90447998,English medium,SWANSEA
Pennard Primary,51.57510999,-4.08749001,English medium,SWANSEA
Knelston Primary,51.57893999,-4.21031003,English medium,SWANSEA
Pen-Y-Fro,51.62499999,-4.04355,English medium,SWANSEA
Pontybrenin Primary School,51.66408999,-4.04322001,English medium,SWANSEA
Talycopa Primary School,51.65739,-3.88518004,English medium,SWANSEA
Glyncollen Primary School,51.68222999,-3.91914003,English medium,SWANSEA
Ysgol Gymraeg Y Login Fach,51.64049998,-4.01184001,Welsh medium,SWANSEA
Ygg Tirdeunaw,51.65401485,-3.95676889,Welsh medium,SWANSEA
Ygg Gellionnen,51.70144999,-3.89380001,Welsh medium,SWANSEA
Gors Community School,51.63173998,-3.98132001,English medium,SWANSEA
Sea View Primary School,51.62787998,-3.94906002,English medium,SWANSEA
Ygg Llwynderw,51.58418998,-4.00584001,Welsh medium,SWANSEA
Birchgrove Primary,51.66983,-3.87458,English medium,SWANSEA
Dunvant Primary School,51.62250999,-4.02276001,English medium,SWANSEA
Gwyrosydd Primary School,51.65035999,-3.95043001,English medium,SWANSEA
St Thomas Community Primary School,51.62383999,-3.92671,English medium,SWANSEA
Gowerton Primary School,51.65113999,-4.05033,English medium,SWANSEA
Pentre'R Graig Primary School,51.66872,-3.92376999,English medium,SWANSEA
Burlais Primary School,51.63798998,-3.95684999,English medium,SWANSEA
Clydach Primary School,51.69644914,-3.89732573,English medium,SWANSEA
Ysgol Gymraeg Y Cwm,51.64661999,-3.91204002,Welsh medium,SWANSEA
Gorseinon Primary School,51.66952998,-4.04020001,English medium,SWANSEA
Brynhyfryd Primary School,51.64354998,-3.94498001,English medium,SWANSEA
St David'S Rc Primary School,51.58245793,-4.00485736,English medium,SWANSEA
St Illtyds Primary,51.64140999,-3.91637002,English medium,SWANSEA
Christchurch Church In Wales,51.61398999,-3.9556,English medium,SWANSEA
St Joseph'S Rc Primary,51.69688998,-3.88114001,English medium,SWANSEA
St Josephs Cathedral Primary School,51.63167999,-3.94359,English medium,SWANSEA
Alltwen Primary School,51.71752999,-3.84451,English medium,PONTARDAWE
Blaendulais Primary School,51.76512999,-3.71091001,English medium,SEVEN SISTERS
Blaengwrach Primary School,51.73380998,-3.64125,English medium,CWMGWRACH
Blaenhonddan Primary School,51.67764998,-3.81467003,English medium,BRYNCOCH
Baglan Primary School,51.61894,-3.8076,English medium,BAGLAN
Ygg Cwmllynfell,51.79801999,-3.81970002,Welsh medium,CWMLLYNFELL
Creunant Primary School,51.73264999,-3.74745999,English medium,CRYNANT
Crymlyn Primary School,51.63024998,-3.86348002,English medium,JERSEY MARINE
Cwmnedd Primary School,51.74708999,-3.62286001,English medium,GLYNNEATH
Cymer Afan Primary School,51.65138999,-3.65315,English medium,CYMMER
Godre'Rgraig Primary School,51.74649288,-3.80977968,English medium,GODRE'R GRAIG
Eastern Primary School,51.58524997,-3.76793999,English medium,TAIBACH
Gnoll Primary School,51.65821999,-3.80055002,English medium,NEATH
Glyncorrwg Primary School,51.67933999,-3.62722002,English medium,GLYNCORRWG
Ygg Gwaun Cae Gurwen,51.79370999,-3.88045002,Welsh medium,GWAUN CAE GURWEN
Catwg Primary School,51.67340999,-3.79618002,English medium,CADOXTON
Maesmarchog Community Primary School,51.77705999,-3.66409002,English medium,DYFFRYN CELLWEN
Ygg Rhosafan,51.59908998,-3.82050003,Welsh medium,SANDFIELDS
Sandfields Primary School,51.59563995,-3.79867001,English medium,ABERAVON
Ygg Castell-Nedd,51.66167999,-3.79840002,Welsh medium,NEATH
Croeserw Primary School,51.64514999,-3.63550001,English medium,CYMMER
Tywyn Primary School,51.58998997,-3.80734003,English medium,SANDFIELDS
Llangiwg Primary School,51.72738999,-3.84176001,English medium,PONTARDAWE
Tonnau Primary Community School,51.67430998,-3.77724002,English medium,TONNA
Ynysfach Primary School,51.70886332,-3.69435341,English medium,RESOLVEN
Blaenbaglan Primary School,51.621,-3.79684001,English medium,BAGLAN
Rhos Primary School,51.71348999,-3.83051001,English medium,PONTARDAWE
Ygg Blaendulais,51.76567999,-3.71167001,Welsh medium,SEVEN SISTERS
Rhydyfro Primary School,51.73355999,-3.86147001,English medium,PONTARDAWE
Ygg Cwm Nedd,51.74676999,-3.62234001,Welsh medium,GLYNNEATH
Tairgwaith Primary School,51.79170999,-3.86432001,English medium,TAIRGWAITH
Ygg Trebannws,51.71081997,-3.86501999,Welsh medium,PONTARDAWE
Ygg Pontardawe,51.7263,-3.85331,Welsh medium,PONTARDAWE
Waunceirch Primary School,51.67225998,-3.82137005,English medium,CAEWERN
Cilffriw Primary School,51.68127999,-3.78115002,English medium,CILFREW
Ygg Tyle'R Ynn,51.64404999,-3.82158002,Welsh medium,BRITON FERRY
Coed Hirwaun Primary School,51.54780999,-3.70456001,English medium,COED HIRWAUN
Coedffranc Primary School,51.66028343,-3.8435951,English medium,SKEWEN
Pen Afan Primary School,51.65482001,-3.59983,English medium,BLAENGWYNFI
Awel Y Mor Primary School,51.59754999,-3.81142002,English medium,SANDFIELDS
Crynallt Primary School,51.6530598,-3.78530205,English medium,CIMLA
Cwmafan Primary School,51.61433878,-3.76326444,English medium,CWMAVON
Cefn Glas Infants,51.51365998,-3.59195003,English medium,BRIDGEND
Central Primary School,51.59015107,-3.77486055,English medium,PORT TALBOT
Abbey Primary School,51.66178998,-3.83445002,English medium,
Melin Primary School,51.6514608,-3.81306018,English medium,NEATH
St Joseph'S Catholic Primary School (Neath),51.65438998,-3.79889002,English medium,NEATH
St Josephs Catholic Infant School,51.59514998,-3.78951999,English medium,ABERAVON
Bryncoch Ciw Primary School,51.68496,-3.81817001,English medium,BRYNCOCH
Alderman Davies Ciw Primary School,51.66225999,-3.80204002,English medium,NEATH
St Therese'S Catholic Primary School,51.59837,-3.81558001,English medium,SANDFIELDS
St Josephs Catholic Junior School,51.60038995,-3.79641001,English medium,ABERAVON
Abercerdin Primary School,51.59533999,-3.47953,English medium,GILFACH GOCH
Blaengarw Primary,51.62431998,-3.58756001,English medium,BLAENGARW
Brynmenyn Primary,51.55169,-3.58180005,English medium,BRIDGEND
Bryntirion Infants,51.50858998,-3.60284002,English medium,BRIDGEND
Cefn Cribwr Primary School,51.53133998,-3.64926005,English medium,BRIDGEND
Coety Primary,51.52738998,-3.56370003,English medium,BRIDGEND
Cwmfelin Primary School,51.59351999,-3.64272002,English medium,MAESTEG
Ffaldau,51.60981002,-3.58148,English medium,PONTYCYMER
Garth Primary School,51.60034997,-3.6395,English medium,MAESTEG
Coychurch Llangrallo Primary,51.50790999,-3.52698001,English medium,BRIDGEND
Llangynwyd Primary School,51.58661997,-3.63615003,English medium,MAESTEG
Nantyffyllon Primary School,51.61963998,-3.66261,English medium,MAESTEG
Nantymoel Primary School,51.61846004,-3.53768,English medium,NANT-Y-MOEL
Newton Primary,51.48202999,-3.69394,English medium,PORTHCAWL
Nottage County Primary,51.48342998,-3.70715,English medium,PORTHCAWL
Pen-Y-Bont Primary,51.50906997,-3.57417003,English medium,BRIDGEND
Pil Primary,51.53042999,-3.69168001,English medium,BRIDGEND
Plasnewydd Primary School,51.61017997,-3.65919002,English medium,MAESTEG
Trelales Primary School,51.50505998,-3.62356001,English medium,BRIDGEND
Ygg Cynwyd Sant,51.60366998,-3.66072001,Welsh medium,MAESTEG
Croesty Primary School,51.51911002,-3.50252001,English medium,BRIDGEND
Corneli Primary,51.52130998,-3.70380001,English medium,BRIDGEND
Llangewydd Junior School,51.51057998,-3.59900999,English medium,BRIDGEND
Porthcawl Primary School,51.48588999,-3.69152,English medium,PORTHCAWL
Ysgol Gymraeg Bro Ogwr,51.51318999,-3.56765001,Welsh medium,BRIDGEND
West Park Primary,51.49155998,-3.70711,English medium,PORTHCAWL
Afon Y Felin Primary School,51.52602998,-3.70341001,English medium,BRIDGEND
Tondu Primary School,51.54062999,-3.60087994,English medium,BRIDGEND
Ysgol Y Ferch O'R Sger,51.52206998,-3.70331001,Welsh medium,BRIDGEND
Ysgol Gynradd Gymraeg Calon Y Cymoedd,51.5686039,-3.58847175,Welsh medium,BRIDGEND
Maes Yr Haul Broadlands,51.50310998,-3.60162,English medium,BRIDGEND
Bryncethin Primary,51.54248999,-3.57236997,English medium,BRIDGEND
Ogmore Vale Primary School,51.60707996,-3.54298001,English medium,OGMORE VALE
Pencoed Primary School,51.52830307,-3.49540433,English medium,BRIDGEND
Oldcastle Primary School,51.50187995,-3.57872006,English medium,BRIDGEND
Brackla Primary School,51.50913999,-3.56389002,English medium,BRIDGEND
Caerau Primary School,51.63342998,-3.65305001,English medium,MAESTEG
Litchard Primary,51.52322995,-3.57904968,English medium,BRIDGEND
Tremains Primary School,51.50865,-3.55219,English medium,BRIDGEND
Mynydd Cynffig Primary,51.5328911,-3.67952506,English medium,BRIDGEND
Penyfai Church In Wales,51.52636001,-3.59771979,English medium,BRIDGEND
St Mary`S & St Patrick`S,51.60619997,-3.65427002,English medium,MAESTEG
St Robert'S Rc Primary,51.53581,-3.59642005,English medium,BRIDGEND
St Mary'S R C Primary School,51.50960995,-3.58610009,English medium,BRIDGEND
Archdeacon John Lewis C In W,51.51209999,-3.55361,English medium,BRIDGEND
Albert Primary School,51.44146999,-3.17246002,English medium,PENARTH
Barry Island Primary School,51.39552999,-3.27228002,English medium,BARRY
Cogan Primary School,51.44277999,-3.18871002,English medium,PENARTH
Colcot Primary School,51.42192998,-3.27560001,English medium,BARRY
Fairfield Primary School,51.44020999,-3.18398002,English medium,PENARTH
Gladstone Primary School,51.40658,-3.27434,English medium,BARRY
High Street Primary School,51.40272998,-3.27897003,English medium,BARRY
Holton Primary School,51.40712004,-3.26226998,English medium,BARRY
Jenner Park Primary School,51.41209002,-3.26313999,English medium,BARRY
Llancarfan Primary School,51.42295194,-3.36414487,English medium,LLANCARFAN
Llanfair Primary School,51.43829999,-3.44178001,English medium,ST MARY CHURCH
Llangan Primary School,51.48649998,-3.48559,English medium,LLANGAN
Palmerston Primary School,51.41735999,-3.23982996,English medium,BARRY
Rhws County Primary School,51.38849998,-3.35135003,English medium,RHOOSE
Sully Primary School,51.40464,-3.21647999,English medium,SULLY
Victoria Primary School,51.43686999,-3.18176002,English medium,PENARTH
St Athan Primary School,51.40165999,-3.41114,English medium,ST ATHAN
St Illtyd Primary School,51.41019998,-3.48423001,English medium,LLANTWIT MAJOR
Evenlode Primary School,51.42940999,-3.18112002,English medium,PENARTH
Llandough County Primary,51.45010997,-3.19741001,English medium,PENARTH
Y Bont Faen Primary School,51.45952998,-3.44741001,English medium,COWBRIDGE
Ysgol Pen-Y-Garth,51.44113999,-3.19618001,Welsh medium,PENARTH
Ysgol Gymraeg Sant Baruc,51.40226998,-3.27968003,Welsh medium,BARRY
Oak Field Primary And Nursery School,51.41602998,-3.26887,English medium,BARRY
Ysgol Iolo Morganwg,51.45892999,-3.44535001,Welsh medium,COWBRIDGE
Ysgol Gymraeg Sant Curig,51.40598998,-3.27849001,Welsh medium,BARRY
Ysgol Gymraeg Gwaun Y Nant,51.41602998,-3.26887,Welsh medium,BARRY
Cadoxton Primary School,51.41412288,-3.25320116,English medium,BARRY
Romilly Primary School,51.40104999,-3.28716003,English medium,BARRY
Ysgol Gymraeg Dewi Sant,51.40700998,-3.47510001,Welsh medium,LLANTWIT MAJOR
Dinas Powys Primary School,51.43487207,-3.2121717,English medium,DINAS POWYS
Ysgol Y Ddraig,51.40431998,-3.47626001,English medium,LLANTWIT MAJOR
St Nicholas C/W Primary School,51.46086998,-3.31261,English medium,ST NICHOLAS
Peterston-Super-Ely Primary,51.48122999,-3.31975999,English medium,PETERSTON SUPER ELY
Gwenfo C/W Primary School,51.44905999,-3.26442,English medium,WENVOE
St Brides C W Primary School,51.46087999,-3.59338001,English medium,ST BRIDES MAJOR
Wick And Marcross C/W Primary,51.43764999,-3.54963002,English medium,WICK
Pendoylan C/W Primary School,51.48209999,-3.35609002,English medium,PENDOYLAN
St Andrew'S C/W Primary School,51.43256,-3.22887995,English medium,DINAS POWYS
Llansannor C/W Primary School,51.50270999,-3.44011001,English medium,LLANSANNOR
St David'S Church-In-Wales,51.47015999,-3.52599002,English medium,COLWINSTON
St Joseph'S Rc Primary School,51.43232998,-3.19689001,English medium,PENARTH
All Saints Cw Primary School,51.40726001,-3.28975999,English medium,BARRY
Parclewis Primary School,51.59666998,-3.32810998,English medium,PONTYPRIDD
St Helen'S Catholic Primary School,51.40957454,-3.26766765,English medium,BARRY
Penderyn Primary,51.76357999,-3.52189001,Welsh medium,HIRWAUN
Oaklands Primary School,51.69605,-3.42450001,English medium,ABERDARE
Alaw Primary School,51.61931998,-3.43462001,English medium,TONYPANDY
Abernant County Primary,51.71997997,-3.43386001,English medium,ABERDARE
Cilfynydd Primary,51.62178003,-3.31821012,English medium,PONTYPRIDD
Brynnau Primary,51.53745999,-3.46478001,English medium,BRYNNA
Coedpenmaen County Primary,51.60643007,-3.33329028,English medium,PONTYPRIDD
Bodringallt Primary School,51.64650998,-3.46673001,English with significant Welsh,PENTRE
Blaengwawr Primary,51.70526999,-3.43452001,English medium,ABERDARE
Coedylan Primary School,51.60597012,-3.34209041,English medium,PONTYPRIDD
Caegarw Primary School,51.68516999,-3.37612001,English medium,MOUNTAIN ASH
Cwmlai Primary,51.57163999,-3.42728,English medium,TONYREFAIL
Dolau Primary,51.53267998,-3.45510001,Dual stream,LLANHARAN
Capcoch Primary School,51.69039999,-3.41459,English medium,ABERDARE
Caradog Primary School,51.7117,-3.4485,English medium,ABERDARE
Ffynnon Taf Primary School,51.54647999,-3.27163001,English medium,TAFF'S WELL
Hawthorn Primary School,51.57948998,-3.30748001,English medium,PONTYPRIDD
Darran Park Primary,51.66035999,-3.45000001,English medium,FERNDALE
Llanilltud Faerdref Primary,51.56590999,-3.31964001,English medium,CHURCH VILLAGE
Gelli Primary School,51.64585998,-3.47655001,English medium,PENTRE
Llantrisant Primary School,51.54529998,-3.37741002,English medium,LLANTRISANT
Hafod Primary School,51.60953999,-3.38188001,English medium,PONTYPRIDD
Maes-Y-Coed Primary School,51.59820001,-3.34988001,English medium,PONTYPRIDD
Cwmdar County Primary School,51.71959999,-3.47454998,English medium,ABERDARE
Llanharan Primary School,51.54122999,-3.44245001,English medium,LLANHARAN
Llwynypia Primary School,51.62715001,-3.45933001,English medium,TONYPANDY
Darrenlas Primary School,51.67869998,-3.38093,English medium,MOUNTAIN ASH
Llanhari Primary,51.51227998,-3.43599001,English medium,LLANHARRY
Pontyclun Primary,51.52065384,-3.39159511,English medium,PONTYCLUN
Parc Primary School,51.65411999,-3.51682001,English medium,TREORCHY
Rhigos Primary School,51.74235,-3.56132001,English medium,ABERDARE
Hirwaun Primary School,51.73599998,-3.51026001,English medium,HIRWAUN
Llwydcoed Primary School,51.73366,-3.45893999,English medium,ABERDARE
Trallwng Infants School,51.60891012,-3.33459039,English medium,PONTYPRIDD
Pengeulan Primary,51.67393999,-3.37013,English medium,MOUNTAIN ASH
Pontrhondda Primary School,51.63942,-3.45357002,English medium,TONYPANDY
Trehopcyn Primary,51.60599007,-3.35800025,English medium,PONTYPRIDD
Pontygwaith Primary School,51.63761999,-3.43368001,English medium,FERNDALE
Trerobart Primary School,51.63629999,-3.35899001,English medium,PONTYPRIDD
Yggpontsionnorton School,51.61229004,-3.32460016,Welsh medium,PONTYPRIDD
Perthcelyn Community Primary School,51.66798999,-3.36577,English medium,MOUNTAIN ASH
Heol Y Celyn Bilingual Primary,51.58615064,-3.30836427,Dual stream,PONTYPRIDD
Ton Pentre Junior School,51.64866998,-3.49074001,English medium,PENTRE
Craig Yr Hesg Primary School,51.62255,-3.32926005,English medium,PONTYPRIDD
Llwyn-Crwn Primary School,51.55403005,-3.36111162,English medium,BEDDAU
Ton Pentre Infants,51.64484998,-3.48661001,English medium,PENTRE
Yggaberdar,51.71773999,-3.46667,Welsh medium,ABERDARE
Trealaw County Primary School,51.62012,-3.44706001,English medium,TONYPANDY
Glenboi Community Primary School,51.68440999,-3.39635001,English medium,MOUNTAIN ASH
Cefn Primary School,51.62143,-3.34182006,English medium,PONTYPRIDD
Treorchy Primary,51.66129999,-3.50542001,English medium,TREORCHY
Williamstown Primary,51.60292998,-3.43928002,English medium,TONYPANDY
Maesybryn Primary School,51.55730997,-3.33125002,English medium,LLANTWIT FARDRE
Tylorstown Primary School,51.64658999,-3.43183002,English medium,FERNDALE
Tref-Y-Rhyg Primary School,51.58297,-3.41711001,English medium,TONYREFAIL
Ysgol Gymraeg Tonyrefail,51.58493549,-3.42752962,Welsh medium,TONYREFAIL
Penygawsi Primary School,51.53568999,-3.375,English medium,LLANTRISANT
Ysgol Gymraeg Llwyncelyn,51.61151999,-3.40031001,Welsh medium,PORTH
Ysgol Gynradd Gymraeg Ynyswen,51.66531,-3.52013001,Welsh medium,TREHERBERT
Tonysguboriau Primary School,51.53596998,-3.38784001,English medium,TALBOT GREEN
Y G G G Llantrisant,51.52615998,-3.37984001,Welsh medium,PONTYCLUN
Ysgol Gymraeg Bodringallt,51.64572998,-3.46605001,Welsh medium,PENTRE
Ygg Castellau,51.55796,-3.36042001,Welsh medium,BEDDAU
Ygg Llyn-Y-Forwyn,51.65889999,-3.44998001,Welsh medium,FERNDALE
Ysgol Gymraeg Evan James,51.60214005,-3.3463602,Welsh medium,PONTYPRIDD
Ysgol Gymraeg Abercynon,51.65163999,-3.32752001,Welsh medium,ABERCYNON
Ygg Bronllwyn School,51.64219998,-3.48428001,Welsh medium,PENTRE
Miskin Primary,51.67513998,-3.37692,English medium,MOUNTAIN ASH
Penpych Community Primary Scho,51.68332999,-3.55066001,English medium,BLAENRHONDDA
Hendreforgan Primary School,51.58231999,-3.46657002,English medium,GILFACH-GOCH
Penyrenglyn Primary,51.6685,-3.52699001,English medium,TREHERBERT
Penywaun Community School,51.73150999,-3.47994002,English medium,ABERDARE
Penrhys Community Primary,51.64423098,-3.44013558,English medium,FERNDALE
Gwaunmeisgyn Primary School,51.55344,-3.35134002,English medium,BEDDAU
Gwauncelyn Primary School,51.56976999,-3.31584001,English medium,TON-TEG
Penrhiwceibr Primary,51.66964999,-3.36314,English medium,MOUNTAIN ASH
Ynyshir Community Primary,51.62237999,-3.40944002,English medium,PORTH
Cwmclydach Community Primary School,51.62684998,-3.47560001,English medium,TONYPANDY
Aberdare Park Primary,51.72010512,-3.45618281,English medium,ABERDARE
Maerdy Primary School,51.67082998,-3.48147002,English medium,FERNDALE
Cwmbach Community Primary,51.71036999,-3.41620001,English medium,ABERDARE
Ynysboeth Community Primary,51.65966999,-3.34521001,English medium,ABERCYNON
Abercynon Primary,51.64658998,-3.32830001,English medium,ABERCYNON
Markham Primary,51.70345999,-3.20658002,English medium,MARKHAM
Cymmer Primary,51.60574595,-3.41252782,English medium,PORTH
St Gabriel'S Rc,51.59202999,-2.93861999,English medium,NEWPORT
Our Lady'S Rc,51.67936998,-3.37446,English medium,MOUNTAIN ASH
St Michaels Primary,51.58943999,-3.32402999,English medium,PONTYPRIDD
Ssgabriel And Raphael Prim,51.61952999,-3.45292001,English medium,TONYPANDY
St Margaret'S Catholic Primary School,51.71046999,-3.45328,English medium,ABERDARE
Aberdare Town C In W Primary,51.70999999,-3.44037001,English medium,ABERDARE
Cwmbach Church In Wales,51.70307999,-3.41182001,English medium,ABERDARE
Abercanaid Community,51.72320892,-3.36162636,English medium,MERTHYR TYDFIL
Cyfarthfa Park Primary School,51.75362089,-3.38756074,English medium,MERTHYR TYDFIL
Caedraw Primary,51.74265495,-3.37883846,English medium,MERTHYR TYDFIL
Gellifaelog Primary School,51.76214999,-3.36339001,English medium,MERTHYR TYDFIL
Pantysgallog Primary School,51.77076998,-3.35639002,English medium,MERTHYR TYDFIL
Gwaunfarren Primary,51.75570192,-3.37499068,English medium,MERTHYR TYDFIL
Heolgerrig Community School,51.74357855,-3.4040841,English medium,MERTHYR TYDFIL
Ynysowen Primary,51.69620505,-3.34214693,English with significant Welsh,MERTHYR TYDFIL
Ysgol Santes Tudful,51.74693048,-3.36768443,Welsh medium,MERTHYR TYDFIL
Bedlinog Community Primary School,51.70298999,-3.31568001,English medium,TREHARRIS
Trelewis Primary School,51.66826924,-3.29484964,English medium,TREHARRIS
Ysgol-Y-Graig,51.76241138,-3.40148024,English medium,MERTHYR TYDFIL
Ysgol Gymraeg Rhyd-Y-Grug,51.68746212,-3.34093741,Welsh medium,MERTHYR TYDFIL
Coed Y Dderwen Primary School,51.75439472,-3.40189858,English medium,MERTHYR TYDFIL
Twynyrodyn Community School,51.74471037,-3.36606753,English medium,MERTHYR TYDFIL
Edwardsville Primary School,51.66319501,-3.32094773,English medium,TREHARRIS
Troedyrhiw  Commmunity Primary School,51.71340767,-3.34689225,English medium,MERTHYR TYDFIL
Dowlais Primary School,51.76222999,-3.34795003,English medium,MERTHYR TYDFIL
Goetre Primary School,51.76112999,-3.38472001,English medium,MERTHYR TYDFIL
St Illtyds Rc,51.76075999,-3.36123002,English medium,MERTHYR TYDFIL
Stmary'S Catholic Primary,51.74309453,-3.37892427,English medium,MERTHYR TYDFIL
St Aloysius Rc,51.75922999,-3.38363001,English medium,MERTHYR TYDFIL
Pengam Primary,51.66873998,-3.22247,English medium,PENGAM
Fleur-De-Lys Primary,51.65791001,-3.21955987,English medium,FLEUR-DE-LIS
Coed-Y-Brain Primary,51.60136998,-3.23081001,English medium,LLANBRADACH
Cwmaber Junior School,51.59783001,-3.26932001,English medium,ABERTRIDWR
Libanus Primary,51.66066,-3.19410002,English medium,BLACKWOOD
Pontllanfraith Primary School,51.65810003,-3.18377004,English medium,PONTLLANFRAITH
Deri Primary School,51.70917997,-3.26678,English medium,DERI
Crumlin High Level Primary,51.67775,-3.14324999,English medium,CRUMLIN
Pentwynmawr Primary School,51.65865999,-3.16274,English medium,PENTWYN-MAWR
Derwendeg Primary School,51.65845994,-3.23671996,English medium,CEFN HENGOED
Tynewydd Primary School,51.67033003,-3.14318,English medium,NEWBRIDGE
Cwmcarn Primary School,51.63401,-3.12871,English medium,CWMCARN
Waunfawr Primary,51.61921,-3.12598002,English medium,CROSSKEYS
Risca Primary,51.60779999,-3.10250001,English medium,RISCA
Fochriw Primary,51.74246998,-3.29598002,English medium,FOCHRIW
Gilfach Fargoed Primary,51.67731999,-3.22798,English medium,GILFACH
Hendre Junior School,51.58024999,-3.24097001,English medium,CAERPHILLY
Hendre Infants School,51.58072999,-3.23964001,English medium,CAERPHILLY
Hengoed Primary,51.65038,-3.23207998,English medium,HENGOED
Llancaeach Junior School,51.65076999,-3.28111002,English medium,NELSON
Llanfabon Infants School,51.64985998,-3.28720002,English medium,NELSON
Rhydri Primary School,51.57642998,-3.16331001,English medium,RUDRY
Nant Y Parc Primary School,51.61138998,-3.28165001,English medium,SENGHENYDD
Pantside Primary,51.67059003,-3.13577999,English medium,PANTSIDE
Tiryberth Primary,51.66370998,-3.22919996,English medium,TIR-Y-BERTH
Ty Isaf Infants School,51.60491999,-3.09127001,English medium,RISCA
Cwm  Ifor  Primary School,51.58765001,-3.24423,English medium,CAERPHILLY
Bryn Primary,51.64986999,-3.20332999,English medium,PONTLLANFRAITH
Ysgol Ifor Bach,51.59976002,-3.27450001,Welsh medium,ABERTRIDWR
Abercarn Primary School,51.65454999,-3.13306,English medium,ABERCARN
Greenhill Primary,51.66502998,-3.26000002,English medium,GELLIGAER
Ysgol Gymraeg Caerffili,51.58240995,-3.22069996,Welsh medium,CAERPHILLY
Ysgol Gymraeg Gilfach Fargod,51.67861999,-3.22793,Welsh medium,GILFACH
Ynysddu Primary School,51.62431998,-3.18620001,English medium,YNYSDDU
Upper Rhymney Primary School,51.76592998,-3.29045001,English medium,RHYMNEY
Ysgol Y Lawnt,51.75916997,-3.28665002,Welsh medium,RHYMNEY
Bryn Awel Primary School,51.75609999,-3.27705001,English medium,RHYMNEY
Ysgol Gymraeg Trelyn,51.66892998,-3.22324,Welsh medium,PENGAM
Phillipstown Primary School,51.72423999,-3.24052,English medium,PHILLIPSTOWN
Maesycwmmer Primary School,51.64355999,-3.22119,English medium,MAESYCWMMER
Bedwas Junior,51.59054997,-3.19897998,English medium,BEDWAS
Machen Primary School,51.59594999,-3.14310004,English medium,MACHEN
Graig-Y-Rhacca Primary And Nursery Community,51.59364997,-3.16880996,English medium,GRAIG-Y-RHACCA
Bedwas Infants,51.59261999,-3.20127002,English medium,BEDWAS
Hendredenny Park Primary,51.58022998,-3.24694001,English medium,CAERPHILLY
Cwm Glas Infants School,51.61579999,-3.22571002,English medium,LLANBRADACH
Cwmaber Infants School,51.59981002,-3.26912,English medium,ABERTRIDWR
Ysgol Gymraeg Bro Allta,51.64147998,-3.23902004,Welsh medium,YSTRAD MYNACH
Cwmfelinfach Primary,51.61883999,-3.17980001,English medium,CWMFELINFACH
Ysgol Gymraeg Cwm Gwyddon,51.64760999,-3.13332,Welsh medium,ABERCARN
Y G G  Y Castell,51.57469997,-3.22479999,Welsh medium,CAERPHILLY
Cwrt Rawlin Primary School,51.56997998,-3.24143001,English medium,CAERPHILLY
Cefn Fforest Primary,51.67237998,-3.21106005,English medium,CEFN FFOREST
Penllwyn Primary,51.65589996,-3.20024002,English medium,PONTLLANFRAITH
Blackwood Primary,51.66621997,-3.20203011,English medium,BLACKWOOD
Glyn-Gaer Primary School,51.66493997,-3.24558,English medium,GELLIGAER
Park Primary,51.68616999,-3.23324,English medium,BARGOED
Aberbargoed Primary School,51.69295999,-3.22548,English medium,ABERBARGOED
Trinant Primary,51.69860999,-3.14702001,English medium,TRINANT
Ty Sign Primary School,51.60999999,-3.09284001,English medium,RISCA
Tyn-Y-Wern Primary,51.5925,-3.18487003,English medium,TRETHOMAS
Twyn Primary,51.57450996,-3.21522002,English medium,CAERPHILLY
White Rose Primary School,51.71755998,-3.23464001,English medium,ELLIOT'S TOWN
Ysgol Bro Sannan,51.68975999,-3.21890999,Welsh medium,ABERBARGOED
Plasyfelin Primary School,51.58203104,-3.22483049,English medium,CAERPHILLY
St James Primary School,51.58174998,-3.20124,English medium,CAERPHILLY
St Gwladys Bargoed School,51.69236999,-3.23138,English medium,BARGOED
Rhiw Syr Dafydd Primary School,51.68003,-3.17444,English medium,OAKDALE
Ystrad Mynach Primary,51.64184998,-3.23934004,English medium,YSTRAD MYNACH
Ysgol Gynradd Gymraeg Cwm Derwen,51.68066999,-3.17904999,Welsh medium,OAKDALE
Ysgol Penalltau,51.65553997,-3.24396997,Welsh medium,PENALLTA
St Helens Rc Primary,51.58020997,-3.20315,English medium,CAERPHILLY
Bryn Bach Primary School,51.78626,-3.26187001,English medium,TREDEGAR
Glanhowy Primary School,51.78301003,-3.24683997,English medium,TREDEGAR
Deighton Junior And Infants,51.78065003,-3.24865997,English medium,TREDEGAR
Georgetown Junior And Infants,51.76667999,-3.23555002,English medium,TREDEGAR
Sofrydd Primary,51.68341995,-3.13507006,English medium,ABERTILLERY
Cwm Primary School,51.74447917,-3.18783348,English medium,EBBW VALE
Beaufort Hill Primary,51.79688996,-3.19623001,English medium,EBBW VALE
Willowtown Primary School,51.78132998,-3.21516003,English medium,EBBW VALE
Blaen-Y-Cwm Primary School,51.79549998,-3.17314001,English medium,BRYNMAWR
Ysgol Gymraeg Brohelyg,51.77715999,-3.16900001,Welsh medium,BLAINA
Glyncoed Primary,51.79211001,-3.21136001,English medium,EBBW VALE
Rhos Y Fedwen,51.79967007,-3.22316006,English medium,EBBW VALE
Ystruth Primary,51.76706998,-3.15435,English medium,BLAINA
St Illtyd'S Primary School,51.69957999,-3.13357001,English medium,ABERTILLERY
Coed Y Garn Primary School,51.77663999,-3.16356001,English medium,BLAINA
St Mary'S Roman Catholic,51.79709998,-3.17274001,English medium,BRYNMAWR
St Mary'S Church School,51.80322997,-3.17164001,English medium,BRYNMAWR
All Saints Rc Primary School,51.77845999,-3.22276001,English medium,EBBW VALE
St Joseph'S Rc Primary,51.78541001,-3.25748,English medium,TREDEGAR
Llanyrafon Primary School,51.64908492,-3.00825216,English medium,CWMBRAN
Maendy Junior And Infants,51.65831998,-3.02484001,English medium,CWMBRAN
Llantarnam Community Primary School,51.63504925,-3.00756796,English medium,CWMBRAN
Pontnewydd Primary & Nursery,51.66123143,-3.03318671,English medium,CWMBRAN
Greenmeadow Primary,51.64998998,-3.05411,English medium,CWMBRAN
Cwmffrwdoer Primary,51.71090999,-3.06600002,English medium,PONTYPOOL
George Street Primary School,51.70567999,-3.04685001,English medium,PONTYPOOL
Ysgol Gymraeg Cwmbran Primary,51.64554999,-3.03424003,Welsh medium,CWMBRAN
Garnteg Primary,51.73597998,-3.06439001,English medium,PONTYPOOL
Ysgol Bryn Onnen,51.74585999,-3.06422001,Welsh medium,PONTYPOOL
Woodlands Community Primary School,51.66221999,-3.04749001,English medium,CWMBRAN
New Inn Primary School,51.69257999,-3.00422002,English medium,PONTYPOOL
Griffithstown Primary School,51.68292,-3.02499002,English medium,PONTYPOOL
Penygarn Community Primary School,51.70997999,-3.03431,English medium,PONTYPOOL
Blenheim Road Community Primary School,51.64743814,-3.04086573,English medium,CWMBRAN
Coed Eva Primary School,51.64107165,-3.04634039,English medium,CWMBRAN
Croesyceiliog Primary School,51.66257999,-3.00817002,English medium,CWMBRAN
Nant Celyn Primary School,51.64237,-3.03893004,English medium,CWMBRAN
Ysgol Panteg,51.67978665,-3.01929662,Welsh medium,PONTYPOOL
Blaenavon Heritage Vc Primary School,51.7737216,-3.07739295,English medium,BLAENAVON
Cwmbran Rc Jnr & Infts,51.64881,-3.02274001,English medium,CWMBRAN
St Davids Cwmbran Rc School,51.66290999,-3.01994002,English medium,CWMBRAN
Henllys Church In Wales,51.64212,-3.05819004,English medium,CWMBRAN
Padre Pio Rc Primary School,51.70363998,-3.04875001,English medium,PONTYPOOL
Ponthir Church In Wales School,51.63179999,-2.97826001,English medium,CWMBRAN
Gilwern Primary School,51.82976999,-3.09111001,English medium,GILWERN
Goytre Fawr Primary,51.73503999,-2.98259,English medium,GOYTRE
Undy Primary School,51.58029999,-2.82197002,English medium,UNDY
Rogiet County Primary,51.58645999,-2.78068,English medium,ROGIET
Pembroke Primary,51.63131999,-2.67747,English medium,CHEPSTOW
Llanvihangel Crucorney County Primary School,51.88612999,-2.97022001,English medium,PANDY
Thornwell Primary School,51.62505977,-2.66938129,English medium,CHEPSTOW
Durand Primary School,51.58648999,-2.75110001,English medium,CALDICOT
Llandogo Primary,51.73527998,-2.68667003,English medium,LLANDOGO
Shirenewton Primary School,51.64276998,-2.75327001,English medium,MYNNYDDBACH
Trellech Junior & Infants,51.74754999,-2.72441001,English medium,TRELLECH
The Dell Primary,51.64330999,-2.67926002,English medium,CHEPSTOW
Overmonnow Primary School,51.81033999,-2.72680002,English medium,MONMOUTH
Cross Ash County Primary School,51.87500999,-2.86495,English medium,GROSMONT
Ysgol Gymraeg Y Fenni,51.83479543,-3.00896117,Welsh medium,ABERGAVENNY
Ysgol Gymraeg Y Ffin,51.59582999,-2.75778002,Welsh medium,CALDICOT
Cantref Primary,51.82743998,-3.02662002,English medium,ABERGAVENNY
Deri View Primary School,51.83518998,-3.01479002,English medium,ABERGAVENNY
Kymin View Primary School,51.80600999,-2.69984002,English medium,MONMOUTH
Castle Park Primary School,51.59344999,-2.74917002,English medium,CALDICOT
Llanfoist Fawr Primary,51.81124999,-3.02854002,English medium,LLANFOIST
Dewstow,51.59247999,-2.75906002,English medium,CALDICOT
Llantilio Pertholey Cv Primary,51.84004998,-3.00949002,English medium,LLANTILIO PERTHOLEY
Usk Primary School,51.70532458,-2.89775602,English medium,USK
Raglan Primary,51.76429999,-2.85063,English medium,RAGLAN
Osbaston Church In Wales School,51.82010258,-2.71835334,English medium,MONMOUTH
Magor V A Primary School,51.57999999,-2.82879001,English medium,MAGOR
Our Lady & St Michael'S Rc,51.82651998,-3.02197001,English medium,ABERGAVENNY
St Mary'S Rcpschool,51.63549999,-2.67879001,English medium,CHEPSTOW
Archbishop Rowan Williams Va,51.59183999,-2.72554002,English medium,PORTSKEWETT
Clytha Primary School,51.58487999,-3.01135,English medium,NEWPORT
Crindau Primary School,51.59920999,-2.99636001,English medium,NEWPORT
Eveswell Primary School,51.5896,-2.97334002,English medium,NEWPORT
Maesglas Primary & Nursery,51.56691998,-3.01067001,English medium,NEWPORT
Maindee Primary,51.58724999,-2.98662001,English medium,NEWPORT
Malpas Court Primary,51.61763999,-3.01205002,English medium,NEWPORT
St Woolos Primary,51.58488999,-2.99735,English medium,NEWPORT
Somerton Primary,51.58714999,-2.95952002,English medium,NEWPORT
Glasllwch Primary School,51.58221,-3.02804003,English medium,NEWPORT
Malpas Park Jnr & Infts,51.61699999,-3.00653001,English medium,NEWPORT
Langstone Primary School,51.61258999,-2.89316001,English medium,NEWPORT
Llanmartin Junior & Infants,51.59407999,-2.89444,English medium,NEWPORT
Marshfield Primary School,51.54019997,-3.07634003,English medium,CARDIFF
Mount Pleasant Primary,51.59435,-3.04806996,English medium,NEWPORT
Rogerstone Primary,51.58651638,-3.04973483,English medium,NEWPORT
High Cross Primary School,51.58659999,-3.03852001,English medium,NEWPORT
Pentrepoeth Primary,51.57756998,-3.06021,English medium,NEWPORT
Pillgwenlly Primary School,51.57770999,-2.99269001,English medium,NEWPORT
Ysgol Gymraeg Casnewydd,51.58508999,-2.93469001,Welsh medium,NEWPORT
Alway Primary School,51.58595999,-2.95249002,English medium,NEWPORT
Ringland Primary,51.58886999,-2.93815,English medium,NEWPORT
Millbrook Primary,51.61199999,-3.01848003,English medium,NEWPORT
Monnow Primary,51.60906998,-3.03275002,English medium,NEWPORT
Glan Usk Primary,51.60112999,-2.98731,English medium,NEWPORT
Ysgol Gymraeg Ifor Hael,51.61159999,-3.01692003,Welsh medium,NEWPORT
Lliswerry Primary School,51.57914999,-2.95792002,English medium,NEWPORT
St Julians Primary School,51.59977998,-2.96471001,English medium,NEWPORT
Ysgol Gymraeg Bro Teyrnon,51.60694999,-3.00043002,Welsh medium,NEWPORT
Caerleon Lodge Hill Primary,51.61628999,-2.96893002,English medium,NEWPORT
St Andrews Primary School,51.58127727,-2.97018823,English medium,NEWPORT
Gaer Primary School,51.577042,-3.01664506,English medium,NEWPORT
Tredegar Park Primary,51.56265877,-3.01798001,English medium,NEWPORT
Jubilee Park Primary School,51.58325823,-3.05722065,English medium,NEWPORT
Milton Primary School,51.59601712,-2.92930592,English medium,NEWPORT
Malpas Church In Wales Primary School,51.60979998,-3.00200001,English medium,NEWPORT
St Davids Primary,51.56949998,-3.01945002,English medium,NEWPORT
St Josephs Rc Jnr & Infts,51.59237999,-2.97905002,English medium,NEWPORT
St Marys Primary School,51.59206998,-3.00107,English medium,NEWPORT
St Michael'S Rc Primary School,51.57394999,-2.99333001,English medium,NEWPORT
St Patricks Rc Primary,51.58421998,-2.96663002,English medium,NEWPORT
Charles Williams Church In Wales Primary School,51.61038999,-2.95723001,English medium,NEWPORT
Ygg Tanylan,51.66416056,-3.94082072,Welsh medium,
Millbank Primary School,51.48293998,-3.23106002,English medium,CARDIFF
Adamsdown Primary,51.48384001,-3.15974004,English medium,CARDIFF
Albany Primary School,51.49333,-3.16806002,English medium,CARDIFF
Allensbank Primary School,51.50208999,-3.18557002,English medium,CARDIFF
Baden Powell Primary School,51.48493999,-3.14184002,English medium,CARDIFF
Birchgrove Primary School,51.51081999,-3.20092001,English medium,CARDIFF
Trelai Primary School,51.47680998,-3.23360003,English medium,CARDIFF
Fairwater Primary School,51.48872999,-3.24574021,English medium,CARDIFF
Gabalfa Primary,51.50040304,-3.21622582,English medium,CARDIFF
Kitchener Primary School,51.47866999,-3.20016002,English medium,CARDIFF
Lansdowne Primary School,51.48161998,-3.21422,English medium,CARDIFF
Moorland Primary,51.47994997,-3.14687998,English medium,CARDIFF
Radnor Primary School,51.48437999,-3.20806,English medium,CARDIFF
Rhydypenau Primary School,51.52236999,-3.17666002,English medium,CARDIFF
Roath Park Primary School,51.49765,-3.17010002,English medium,CARDIFF
Greenway Primary School,51.50931002,-3.12244003,English medium,CARDIFF
Stacey Primary School,51.49048998,-3.15433001,English medium,CARDIFF
Ton-Yr-Ywen Primary School,51.52018998,-3.19112001,English medium,CARDIFF
Peter Lea Primary School,51.49701,-3.24262014,English medium,CARDIFF
Bryn Hafod Primary School,51.51726001,-3.12946996,English medium,CARDIFF
Pen-Y-Bryn Primary School,51.52347998,-3.11621001,English medium,CARDIFF
Coed Glas C P School,51.52777,-3.18542001,English medium,CARDIFF
Lakeside Primary School,51.51254999,-3.16847997,English medium,CARDIFF
Pentrebane Primary School,51.4941,-3.25355033,English medium,CARDIFF
Mount Stuart Primary School,51.46347999,-3.16963001,English medium,CARDIFF
Llanishen Fach Primary School,51.53126997,-3.20905003,English medium,CARDIFF
Rhiwbeina Primary School,51.52467996,-3.21587997,English medium,CARDIFF
Llanedeyrn Primary School,51.50832999,-3.15107001,English medium,CARDIFF
Springwood Primary School,51.51480999,-3.15769001,English medium,CARDIFF
Ninian Park Primary School,51.46953999,-3.19498001,English medium,CARDIFF
Coryton Primary,51.52232998,-3.23669001,English medium,CARDIFF
Bryn Celyn Primary School,51.52468601,-3.14172785,English medium,CARDIFF
Y G G Gwaelod Y Garth,51.54379735,-3.2738172,Dual stream,CARDIFF
Radyr Primary School,51.51896999,-3.25788001,English medium,CARDIFF
Tongwynlais Primary School,51.53045999,-3.24921002,English medium,CARDIFF
Llysfaen Primary School,51.54217998,-3.17424002,English medium,CARDIFF
Bryn Deri Primary,51.52205999,-3.26200002,English medium,CARDIFF
Oakfield Primary School,51.52426001,-3.10791999,English medium,CARDIFF
Ysgol Gymraeg Melin Gruffydd,51.51402999,-3.21714,Welsh medium,CARDIFF
Ysgol Y Wern,51.53205996,-3.19830008,Welsh medium,CARDIFF
Ysgol Gymraeg Coed Y Gof,51.49418,-3.2544703,Welsh medium,CARDIFF
Ysgol Bro Eirwg,51.51191999,-3.13666002,Welsh medium,CARDIFF
Ysgol Treganna,51.47941998,-3.21674,Welsh medium,CARDIFF
Willowbrook Primary School,51.52207999,-3.09005001,English medium,CARDIFF
Pentyrch Primary,51.52860998,-3.30073,English medium,CARDIFF
Thornhill Primary School,51.54138999,-3.19161,English medium,CARDIFF
Ysgol Pencae,51.49941998,-3.22835,Welsh medium,CARDIFF
Meadowlane Primary School,51.51779,-3.09837006,English medium,CARDIFF
Ysgol Mynydd Bychan,51.50127999,-3.18895002,Welsh medium,CARDIFF
Creigiau Primary School,51.52501999,-3.32943001,Dual stream,CARDIFF
Ysgol Gymraeg Pwll Coch,51.47507997,-3.21104002,Welsh medium,CARDIFF
Ysgol Y Berllan Deg,51.5089,-3.14859001,Welsh medium,CARDIFF
Gladstone Primary School,51.49726999,-3.18297002,English medium,CARDIFF
Glan Yr Afon Primary School,51.52666001,-3.13023999,English medium,CARDIFF
Grangetown Primary School,51.46585999,-3.18325,English medium,CARDIFF
Herbert Thompson Primary,51.48441998,-3.24140001,English medium,CARDIFF
Ysgol Glan Morfa,51.47794014,-3.15491538,Welsh medium,CARDIFF
Ysgol Pen Y Pil,51.51698002,-3.10898005,Welsh medium,CARDIFF
Ysgol Gymraeg Nant Caerau,51.47155,-3.25323,Welsh medium,CARDIFF
Rumney Primary,51.50638001,-3.12817997,English medium,CARDIFF
Windsor Clive Primary,51.47855998,-3.25311001,English medium,CARDIFF
Severn Primary,51.48218,-3.19985001,English medium,CARDIFF
Hawthorn Primary,51.50632999,-3.22683001,English medium,CARDIFF
Danescourt Primary,51.50321,-3.23884004,English medium,CARDIFF
Hywel Dda Primary School,51.47249999,-3.25994002,English medium,CARDIFF
Ysgol Gynradd Gymraeg Pen-Y-Groes,51.52454999,-3.14146002,Welsh medium,CARDIFF
Trowbridge Primary,51.51427001,-3.10887007,English medium,CARDIFF
Ysgol Glan Ceubal,51.50046831,-3.21650404,Welsh medium,CARDIFF
Marlborough Primary,51.49508999,-3.16051001,English medium,CARDIFF
Pencaerau Primary,51.47203999,-3.25681001,English medium,CARDIFF
Glyncoed Primary,51.52461998,-3.15356999,English medium,CARDIFF
Whitchurch Primary,51.50949999,-3.22103001,English medium,CARDIFF
Pontprennau,51.53670999,-3.14126,English medium,CARDIFF
Howardian Primary School,51.50035997,-3.1501799,English medium,CARDIFF
Ysgol Gynradd Gymraeg Hamadryad,51.46942999,-3.19393001,Welsh medium,CARDIFF
St Mellons Church In Wales Primary,51.52286999,-3.11658002,English medium,CARDIFF
St Alban'S Rc Primary School,51.48702,-3.13931002,English medium,CARDIFF
St Cuthbert'S Rc Primary,51.47241999,-3.16727002,English medium,CARDIFF
St Joseph'S Rc School,51.50187999,-3.19513002,English medium,CARDIFF
St Mary'S Rc Primary School,51.48352,-3.19879001,English medium,CARDIFF
St Patrick'S R C School,51.47004999,-3.18885001,English medium,CARDIFF
St Peter'S Primary School,51.48716001,-3.16154004,English medium,CARDIFF
St Cadoc'S Catholic Primary,51.52664,-3.12637,English medium,CARDIFF
St Monicas C/W Primary School,51.49689999,-3.18253002,English medium,CARDIFF
Stpaul'S C/W Primary School,51.46469998,-3.18544999,English medium,CARDIFF
Tredegarville C/W Primary,51.48424002,-3.16493006,English medium,CARDIFF
Llandaff City Primary School,51.49317999,-3.22163001,English medium,CARDIFF
Christ The King Primary School,51.53305999,-3.18289001,English medium,CARDIFF
St John Lloyd,51.51421001,-3.10726007,English medium,CARDIFF
Holy Family Rc Primary,51.49381,-3.25625027,English medium,CARDIFF
St Mary The Virgin C/W Primary School,51.4739,-3.17319004,English medium,CARDIFF
All Saints C/W Primary,51.50900999,-3.15594005,English medium,CARDIFF
St Fagans Church In Wales,51.47319489,-3.27223425,English medium,CARDIFF
St Bernadettes Primary School,51.52734999,-3.14332,English medium,CARDIFF
St David'S C/W Primary School,51.52204999,-3.14618,English medium,CARDIFF
Bishop Childs C/W Primary,51.52714003,-3.10184998,English medium,CARDIFF
St Philip Evans Primary School,51.51729,-3.14968998,English medium,CARDIFF
St Francis R C Primary Sch,51.47782998,-3.25448002,English medium,CARDIFF
Ysgol Carreg Hir,51.64391926,-3.81664743,English medium,BRITON FERRY
Cybi,53.31036403,-4.64039599,Welsh medium,HOLYHEAD
Rhyd Y Llan,53.35383037,-4.53473426,Welsh medium,HOLYHEAD
Ysgol Santes Dwynwen,53.16786896,-4.35814937,Welsh medium,LLANFAIR PWLLGWYNGYLL
Ysgol Parc Y Bont,53.21187786,-4.25254703,Welsh medium,GAERWEN
Ysgol Dyffryn Yr Enfys,53.19459003,-3.84343534,Welsh medium,DOLGARROG
Rhos Street Cp School,53.11709251,-3.32216552,English medium,RUTHIN
Ysgol Pen Barras,53.11677138,-3.32226459,Welsh medium,RUTHIN
Ysgol Bro Famau,53.1362236,-3.21624539,English medium,MOLD
Ysgol Llanfair Dyffryn Clwyd,53.08785575,-3.29683281,Dual stream,RUTHIN
Ysgol Pentrecelyn,53.0669955,-3.27294727,Welsh medium,RUTHIN
Ysgol Gymraeg Croes Atti,53.21214138,-3.0415435,Welsh medium,SHOTTON
Ysgol Penyffordd,53.1428887,-3.04689189,English medium,PENYFFORDD
Ysgol Mynydd Isa,53.17039841,-3.10825782,English medium,MYNYDD ISA
Welshpool Church In Wales Primary School,52.66222554,-3.13990052,English medium,WELSHPOOL
Waldo Williams Primary School,51.79571818,-4.9837009,English medium,HAVERFORDWEST
Cwmaman Primary School,51.68511804,-3.45000089,English medium,ABERDARE
Glan Llyn Primary School,51.57817002,-2.93576496,English medium,NEWPORT
Tynyrheol Primary School,51.57609978,-3.56788307,English medium,BRIDGEND
Betws Primary School,51.56813848,-3.58765947,English medium,BRIDGEND
Ysgol Dyffryn Cledlyn,52.08959283,-4.18788546,Welsh medium,DREFACH
Milford Haven Community Primary School,51.71574044,-5.03089139,English medium,MILFORD HAVEN
Ysgol Calon Y Dderwen,52.51301894,-3.31871004,English medium,NEWTOWN
Ysgol Cwm Banwy,52.69200475,-3.47200668,Welsh medium,WELSHPOOL
Llanfair Caereinion Cp,52.65135999,-3.32388001,Dual stream,WELSHPOOL
Ysgol Y Frenni,51.97007999,-4.64638001,Welsh medium,CRYMYCH
Lixwm Church in Wales Voluntary Aided School,53.2331564,-3.2485772,English Medium,Lixwm
Ysgol Llan-y-pwll,53.0603378,-2.9702589,Welsh Medium,Wrexham
Ysgol Gymraeg NanYsgol Gymraeg Nant Gwenllit Gwenlli,51.6167789,-2.9677927,Welsh Medium,Newport
Ysgol Llannefydd,53.2239902,-3.5275909,Welsh medium,Llannefydd
